tag,bestItem,bestNameUsed,bestSitelinks
earth,http://www.wikidata.org/entity/Q2,Earth,365
sun,http://www.wikidata.org/entity/Q525,Sun,351
german,http://www.wikidata.org/entity/Q188,German,351
moon,http://www.wikidata.org/entity/Q405,Moon,350
mathematics,http://www.wikidata.org/entity/Q395,mathematics,332
dog,http://www.wikidata.org/entity/Q144,dog,328
language,http://www.wikidata.org/entity/Q315,language,325
water,http://www.wikidata.org/entity/Q283,water,323
cat,http://www.wikidata.org/entity/Q146,cat,316
science,http://www.wikidata.org/entity/Q336,science,316
history,http://www.wikidata.org/entity/Q309,history,316
physics,http://www.wikidata.org/entity/Q413,physics,312
biology,http://www.wikidata.org/entity/Q420,biology,312
astronomy,http://www.wikidata.org/entity/Q333,astronomy,312
animal,http://www.wikidata.org/entity/Q729,Animal,310
philosophy,http://www.wikidata.org/entity/Q5891,philosophy,310
geography,http://www.wikidata.org/entity/Q1071,geography,306
chemistry,http://www.wikidata.org/entity/Q2329,chemistry,302
religion,http://www.wikidata.org/entity/Q9174,religion,294
computer,http://www.wikidata.org/entity/Q68,computer,292
literature,http://www.wikidata.org/entity/Q8242,literature,289
bird,http://www.wikidata.org/entity/Q5113,Bird,288
politics,http://www.wikidata.org/entity/Q7163,politics,287
culture,http://www.wikidata.org/entity/Q11042,culture,279
horse,http://www.wikidata.org/entity/Q726,Horse,277
star,http://www.wikidata.org/entity/Q523,star,274
book,http://www.wikidata.org/entity/Q571,book,273
human,http://www.wikidata.org/entity/Q5,human,271
river,http://www.wikidata.org/entity/Q4022,river,270
sea,http://www.wikidata.org/entity/Q165,sea,269
planet,http://www.wikidata.org/entity/Q634,planet,269
money,http://www.wikidata.org/entity/Q1368,money,268
gold,http://www.wikidata.org/entity/Q897,gold,268
lion,http://www.wikidata.org/entity/Q140,Lion,268
fish,http://www.wikidata.org/entity/Q152,fish,266
woman,http://www.wikidata.org/entity/Q467,woman,265
chess,http://www.wikidata.org/entity/Q718,chess,265
plant,http://www.wikidata.org/entity/Q756,Plant,264
tree,http://www.wikidata.org/entity/Q10884,tree,262
television,http://www.wikidata.org/entity/Q289,television,262
god,http://www.wikidata.org/entity/Q190,God,260
rain,http://www.wikidata.org/entity/Q7925,rain,260
democracy,http://www.wikidata.org/entity/Q7174,democracy,260
eye,http://www.wikidata.org/entity/Q7364,eye,259
sport,http://www.wikidata.org/entity/Q349,sport,259
war,http://www.wikidata.org/entity/Q198,war,258
coffee,http://www.wikidata.org/entity/Q8486,coffee,256
tea,http://www.wikidata.org/entity/Q6097,tea,253
city,http://www.wikidata.org/entity/Q515,city,252
milk,http://www.wikidata.org/entity/Q8495,milk,252
time,http://www.wikidata.org/entity/Q11471,time,251
education,http://www.wikidata.org/entity/Q8434,education,251
mountain,http://www.wikidata.org/entity/Q8502,mountain,250
cattle,http://www.wikidata.org/entity/Q830,cattle,250
heart,http://www.wikidata.org/entity/Q1072,heart,250
iron,http://www.wikidata.org/entity/Q677,iron,249
bread,http://www.wikidata.org/entity/Q7802,bread,248
law,http://www.wikidata.org/entity/Q7748,law,248
atom,http://www.wikidata.org/entity/Q9121,atom,248
medicine,http://www.wikidata.org/entity/Q11190,medicine,247
day,http://www.wikidata.org/entity/Q573,day,247
continent,http://www.wikidata.org/entity/Q5107,continent,246
health,http://www.wikidata.org/entity/Q12147,health,246
fire,http://www.wikidata.org/entity/Q3196,fire,244
year,http://www.wikidata.org/entity/Q577,year,244
love,http://www.wikidata.org/entity/Q316,love,244
car,http://www.wikidata.org/entity/Q1420,car,243
architecture,http://www.wikidata.org/entity/Q12271,architecture,242
psychology,http://www.wikidata.org/entity/Q9418,psychology,242
maize,http://www.wikidata.org/entity/Q11575,Maize,241
family,http://www.wikidata.org/entity/Q8436,family,241
food,http://www.wikidata.org/entity/Q2095,food,241
flower,http://www.wikidata.org/entity/Q506,flower,241
ocean,http://www.wikidata.org/entity/Q9430,ocean,240
poetry,http://www.wikidata.org/entity/Q482,poetry,240
chicken,http://www.wikidata.org/entity/Q780,Chicken,239
month,http://www.wikidata.org/entity/Q5151,month,235
encyclopedia,http://www.wikidata.org/entity/Q5292,encyclopedia,235
euro,http://www.wikidata.org/entity/Q4916,euro,235
blood,http://www.wikidata.org/entity/Q7873,blood,235
economics,http://www.wikidata.org/entity/Q8134,economics,235
film,http://www.wikidata.org/entity/Q11424,film,233
apple,http://www.wikidata.org/entity/Q89,apple,233
death,http://www.wikidata.org/entity/Q4,death,232
universe,http://www.wikidata.org/entity/Q1,Universe,232
society,http://www.wikidata.org/entity/Q8425,society,232
silver,http://www.wikidata.org/entity/Q1090,silver,232
hydrogen,http://www.wikidata.org/entity/Q556,hydrogen,232
man,http://www.wikidata.org/entity/Q8441,man,231
earthquake,http://www.wikidata.org/entity/Q7944,earthquake,231
child,http://www.wikidata.org/entity/Q7569,child,231
volcano,http://www.wikidata.org/entity/Q8072,volcano,231
tiger,http://www.wikidata.org/entity/Q19939,Tiger,230
technology,http://www.wikidata.org/entity/Q11016,technology,230
winter,http://www.wikidata.org/entity/Q1311,winter,230
forest,http://www.wikidata.org/entity/Q4421,forest,230
oxygen,http://www.wikidata.org/entity/Q629,oxygen,230
ant,http://www.wikidata.org/entity/Q7386,Ant,230
linguistics,http://www.wikidata.org/entity/Q8162,linguistics,230
snake,http://www.wikidata.org/entity/Q2102,snake,229
marriage,http://www.wikidata.org/entity/Q8445,marriage,229
cloud,http://www.wikidata.org/entity/Q8074,cloud,229
life,http://www.wikidata.org/entity/Q3,life,228
spring,http://www.wikidata.org/entity/Q124714,spring,228
sheep,http://www.wikidata.org/entity/Q7368,sheep,228
beer,http://www.wikidata.org/entity/Q44,beer,227
island,http://www.wikidata.org/entity/Q23442,island,227
house,http://www.wikidata.org/entity/Q3947,house,227
snow,http://www.wikidata.org/entity/Q7561,snow,227
wine,http://www.wikidata.org/entity/Q282,wine,227
color,http://www.wikidata.org/entity/Q1075,color,226
mammal,http://www.wikidata.org/entity/Q7377,Mammal,226
summer,http://www.wikidata.org/entity/Q1313,summer,225
ear,http://www.wikidata.org/entity/Q7362,ear,224
rice,http://www.wikidata.org/entity/Q5090,rice,224
agriculture,http://www.wikidata.org/entity/Q11451,agriculture,224
ecology,http://www.wikidata.org/entity/Q7150,ecology,224
number,http://www.wikidata.org/entity/Q11563,number,223
atheism,http://www.wikidata.org/entity/Q7066,atheism,223
light,http://www.wikidata.org/entity/Q9128,light,223
nature,http://www.wikidata.org/entity/Q7860,nature,223
communism,http://www.wikidata.org/entity/Q6186,communism,223
wolf,http://www.wikidata.org/entity/Q18498,Wolf,222
copper,http://www.wikidata.org/entity/Q753,copper,222
dance,http://www.wikidata.org/entity/Q11639,dance,221
week,http://www.wikidata.org/entity/Q23387,week,220
bear,http://www.wikidata.org/entity/Q11788,Bear,220
insect,http://www.wikidata.org/entity/Q1390,Insect,220
pig,http://www.wikidata.org/entity/Q787,Pig,220
banana,http://www.wikidata.org/entity/Q503,banana,220
brain,http://www.wikidata.org/entity/Q1073,brain,220
elephant,http://www.wikidata.org/entity/Q7378,elephant,220
state,http://www.wikidata.org/entity/Q7275,state,219
disease,http://www.wikidata.org/entity/Q12136,disease,217
honey,http://www.wikidata.org/entity/Q10987,honey,217
autumn,http://www.wikidata.org/entity/Q1314,autumn,216
energy,http://www.wikidata.org/entity/Q11379,energy,215
basketball,http://www.wikidata.org/entity/Q5372,basketball,214
geometry,http://www.wikidata.org/entity/Q8087,geometry,213
desert,http://www.wikidata.org/entity/Q8514,desert,213
clothing,http://www.wikidata.org/entity/Q11460,clothing,212
telephone,http://www.wikidata.org/entity/Q11035,telephone,212
carbon,http://www.wikidata.org/entity/Q623,carbon,212
lake,http://www.wikidata.org/entity/Q23397,lake,211
transport,http://www.wikidata.org/entity/Q7590,transport,211
romanian,http://www.wikidata.org/entity/Q7913,Romanian,209
goat,http://www.wikidata.org/entity/Q2934,Goat,208
photography,http://www.wikidata.org/entity/Q11633,photography,207
sugar,http://www.wikidata.org/entity/Q11002,sugar,206
university,http://www.wikidata.org/entity/Q3918,university,206
camel,http://www.wikidata.org/entity/Q7375,Camel,206
helium,http://www.wikidata.org/entity/Q560,helium,206
tennis,http://www.wikidata.org/entity/Q847,tennis,206
peace,http://www.wikidata.org/entity/Q454,peace,206
aids,http://www.wikidata.org/entity/Q12199,AIDS,206
nose,http://www.wikidata.org/entity/Q7363,nose,206
guitar,http://www.wikidata.org/entity/Q6607,guitar,206
tomato,http://www.wikidata.org/entity/Q23501,Tomato,205
flag,http://www.wikidata.org/entity/Q14660,flag,205
vegetable,http://www.wikidata.org/entity/Q11004,vegetable,205
cheese,http://www.wikidata.org/entity/Q10943,cheese,205
fungus,http://www.wikidata.org/entity/Q764,Fungus,205
botany,http://www.wikidata.org/entity/Q441,botany,205
aluminium,http://www.wikidata.org/entity/Q663,aluminium,205
red,http://www.wikidata.org/entity/Q3142,red,205
comet,http://www.wikidata.org/entity/Q3559,comet,205
meat,http://www.wikidata.org/entity/Q10990,meat,205
republic,http://www.wikidata.org/entity/Q7270,republic,205
calendar,http://www.wikidata.org/entity/Q12132,calendar,204
newspaper,http://www.wikidata.org/entity/Q11032,newspaper,204
word,http://www.wikidata.org/entity/Q8171,word,204
government,http://www.wikidata.org/entity/Q7188,government,204
geology,http://www.wikidata.org/entity/Q1069,geology,204
electricity,http://www.wikidata.org/entity/Q12725,electricity,204
school,http://www.wikidata.org/entity/Q3914,school,203
kinshasa,http://www.wikidata.org/entity/Q3838,Kinshasa,203
logic,http://www.wikidata.org/entity/Q8078,logic,203
spider,http://www.wikidata.org/entity/Q1357,Spider,202
nitrogen,http://www.wikidata.org/entity/Q627,nitrogen,202
constitution,http://www.wikidata.org/entity/Q7755,constitution,202
wind,http://www.wikidata.org/entity/Q8094,wind,201
bridge,http://www.wikidata.org/entity/Q12280,bridge,200
statistics,http://www.wikidata.org/entity/Q12483,statistics,200
feminism,http://www.wikidata.org/entity/Q7252,feminism,200
rainbow,http://www.wikidata.org/entity/Q1052,rainbow,200
sociology,http://www.wikidata.org/entity/Q21201,sociology,199
bicycle,http://www.wikidata.org/entity/Q11442,bicycle,199
alphabet,http://www.wikidata.org/entity/Q9779,alphabet,199
train,http://www.wikidata.org/entity/Q870,train,199
monarchy,http://www.wikidata.org/entity/Q7269,monarchy,199
library,http://www.wikidata.org/entity/Q7075,library,198
mother,http://www.wikidata.org/entity/Q7560,mother,198
capitalism,http://www.wikidata.org/entity/Q6206,capitalism,198
fruit,http://www.wikidata.org/entity/Q1364,fruit,197
cell,http://www.wikidata.org/entity/Q7868,cell,197
slavery,http://www.wikidata.org/entity/Q8463,slavery,197
anthropology,http://www.wikidata.org/entity/Q23404,anthropology,196
country,http://www.wikidata.org/entity/Q6256,country,195
socialism,http://www.wikidata.org/entity/Q7272,socialism,195
algebra,http://www.wikidata.org/entity/Q3968,algebra,195
evolution,http://www.wikidata.org/entity/Q1063,evolution,195
paper,http://www.wikidata.org/entity/Q11472,paper,195
cancer,http://www.wikidata.org/entity/Q12078,cancer,195
airplane,http://www.wikidata.org/entity/Q197,airplane,194
potato,http://www.wikidata.org/entity/Q10998,Potato,194
virus,http://www.wikidata.org/entity/Q808,Virus,194
suicide,http://www.wikidata.org/entity/Q10737,suicide,194
grammar,http://www.wikidata.org/entity/Q8091,grammar,194
black,http://www.wikidata.org/entity/Q23445,black,193
pope,http://www.wikidata.org/entity/Q19546,pope,193
liver,http://www.wikidata.org/entity/Q9368,liver,193
lithium,http://www.wikidata.org/entity/Q568,lithium,193
malaria,http://www.wikidata.org/entity/Q12156,malaria,192
grape,http://www.wikidata.org/entity/Q10978,grape,192
civilization,http://www.wikidata.org/entity/Q8432,civilization,192
knowledge,http://www.wikidata.org/entity/Q9081,knowledge,192
night,http://www.wikidata.org/entity/Q575,night,192
dinosaur,http://www.wikidata.org/entity/Q430,Dinosaur,192
galaxy,http://www.wikidata.org/entity/Q318,galaxy,192
bat,http://www.wikidata.org/entity/Q28425,Bat,191
green,http://www.wikidata.org/entity/Q3133,green,191
mosquito,http://www.wikidata.org/entity/Q7367,Mosquito,191
gravity,http://www.wikidata.org/entity/Q11412,gravity,190
communication,http://www.wikidata.org/entity/Q11024,communication,190
leopard,http://www.wikidata.org/entity/Q34706,Leopard,189
homosexuality,http://www.wikidata.org/entity/Q6636,homosexuality,189
sulfur,http://www.wikidata.org/entity/Q682,sulfur,189
anatomy,http://www.wikidata.org/entity/Q514,anatomy,189
world,http://www.wikidata.org/entity/Q16502,world,189
head,http://www.wikidata.org/entity/Q23640,head,188
game,http://www.wikidata.org/entity/Q11410,game,188
bacteria,http://www.wikidata.org/entity/Q10876,Bacteria,188
racism,http://www.wikidata.org/entity/Q8461,racism,188
lead,http://www.wikidata.org/entity/Q708,lead,188
song,http://www.wikidata.org/entity/Q7366,song,187
village,http://www.wikidata.org/entity/Q532,village,187
chocolate,http://www.wikidata.org/entity/Q195,chocolate,187
yellow,http://www.wikidata.org/entity/Q943,yellow,186
truth,http://www.wikidata.org/entity/Q7949,truth,186
tourism,http://www.wikidata.org/entity/Q49389,tourism,186
abortion,http://www.wikidata.org/entity/Q8452,abortion,186
hand,http://www.wikidata.org/entity/Q33767,hand,186
fascism,http://www.wikidata.org/entity/Q6223,fascism,186
nationalism,http://www.wikidata.org/entity/Q6235,nationalism,186
tin,http://www.wikidata.org/entity/Q1096,tin,185
east,http://www.wikidata.org/entity/Q684,east,185
wheat,http://www.wikidata.org/entity/Q15645384,wheat,185
indonesian,http://www.wikidata.org/entity/Q9240,Indonesian,184
blue,http://www.wikidata.org/entity/Q1088,blue,184
html,http://www.wikidata.org/entity/Q8811,HTML,184
white,http://www.wikidata.org/entity/Q23444,white,183
mercury,http://www.wikidata.org/entity/Q925,mercury,183
lung,http://www.wikidata.org/entity/Q7886,lung,183
mosque,http://www.wikidata.org/entity/Q32815,mosque,182
metal,http://www.wikidata.org/entity/Q11426,metal,182
arithmetic,http://www.wikidata.org/entity/Q11205,arithmetic,182
sodium,http://www.wikidata.org/entity/Q658,sodium,182
force,http://www.wikidata.org/entity/Q11402,force,182
climate,http://www.wikidata.org/entity/Q7937,climate,182
soul,http://www.wikidata.org/entity/Q9165,soul,182
rose,http://www.wikidata.org/entity/Q34687,Rose,181
actor,http://www.wikidata.org/entity/Q33999,actor,181
tuberculosis,http://www.wikidata.org/entity/Q12204,tuberculosis,181
poverty,http://www.wikidata.org/entity/Q10294,poverty,181
novel,http://www.wikidata.org/entity/Q8261,novel,181
beryllium,http://www.wikidata.org/entity/Q569,beryllium,181
molecule,http://www.wikidata.org/entity/Q11369,molecule,181
sound,http://www.wikidata.org/entity/Q11461,sound,181
archaeology,http://www.wikidata.org/entity/Q23498,archaeology,180
metre,http://www.wikidata.org/entity/Q11573,metre,180
ship,http://www.wikidata.org/entity/Q11446,ship,180
calcium,http://www.wikidata.org/entity/Q706,calcium,180
skin,http://www.wikidata.org/entity/Q1074,skin,180
liberalism,http://www.wikidata.org/entity/Q6216,liberalism,180
beauty,http://www.wikidata.org/entity/Q7242,beauty,180
reptile,http://www.wikidata.org/entity/Q10811,Reptile,179
neon,http://www.wikidata.org/entity/Q654,neon,179
weapon,http://www.wikidata.org/entity/Q728,weapon,179
bone,http://www.wikidata.org/entity/Q265868,bone,179
terrorism,http://www.wikidata.org/entity/Q7283,terrorism,179
dictionary,http://www.wikidata.org/entity/Q23622,dictionary,179
anarchism,http://www.wikidata.org/entity/Q6199,anarchism,179
donkey,http://www.wikidata.org/entity/Q19707,Donkey,178
columbidae,http://www.wikidata.org/entity/Q10856,Columbidae,178
mouth,http://www.wikidata.org/entity/Q9635,mouth,178
thought,http://www.wikidata.org/entity/Q9420,thought,178
ice,http://www.wikidata.org/entity/Q23392,ice,177
diabetes,http://www.wikidata.org/entity/Q12206,diabetes,177
century,http://www.wikidata.org/entity/Q578,century,177
tsunami,http://www.wikidata.org/entity/Q8070,tsunami,177
timepiece,http://www.wikidata.org/entity/Q376,timepiece,177
west,http://www.wikidata.org/entity/Q679,west,177
tongue,http://www.wikidata.org/entity/Q9614,tongue,177
triangle,http://www.wikidata.org/entity/Q19821,triangle,177
physician,http://www.wikidata.org/entity/Q39631,physician,176
zero,http://www.wikidata.org/entity/Q204,zero,176
protein,http://www.wikidata.org/entity/Q8054,protein,176
father,http://www.wikidata.org/entity/Q7565,father,176
south,http://www.wikidata.org/entity/Q667,south,176
north,http://www.wikidata.org/entity/Q659,north,176
glass,http://www.wikidata.org/entity/Q11469,glass,176
writer,http://www.wikidata.org/entity/Q36180,writer,175
sleep,http://www.wikidata.org/entity/Q35831,sleep,175
mythology,http://www.wikidata.org/entity/Q9134,mythology,175
tooth,http://www.wikidata.org/entity/Q553,tooth,175
zinc,http://www.wikidata.org/entity/Q758,zinc,175
flood,http://www.wikidata.org/entity/Q8068,flood,175
wheel,http://www.wikidata.org/entity/Q446,wheel,175
magnesium,http://www.wikidata.org/entity/Q660,magnesium,175
museum,http://www.wikidata.org/entity/Q33506,museum,175
petroleum,http://www.wikidata.org/entity/Q22656,petroleum,174
second,http://www.wikidata.org/entity/Q11574,second,174
ethics,http://www.wikidata.org/entity/Q9465,ethics,174
uranium,http://www.wikidata.org/entity/Q1098,uranium,174
rock,http://www.wikidata.org/entity/Q8063,rock,174
potassium,http://www.wikidata.org/entity/Q703,potassium,174
phosphorus,http://www.wikidata.org/entity/Q674,phosphorus,174
silicon,http://www.wikidata.org/entity/Q670,silicon,174
mind,http://www.wikidata.org/entity/Q450,mind,174
engineering,http://www.wikidata.org/entity/Q11023,engineering,174
weather,http://www.wikidata.org/entity/Q11663,weather,174
teacher,http://www.wikidata.org/entity/Q37226,teacher,173
knife,http://www.wikidata.org/entity/Q32489,knife,173
journalism,http://www.wikidata.org/entity/Q11030,journalism,173
amphibian,http://www.wikidata.org/entity/Q10908,Amphibian,173
leaf,http://www.wikidata.org/entity/Q33971,leaf,172
season,http://www.wikidata.org/entity/Q24384,season,172
shark,http://www.wikidata.org/entity/Q7372,Shark,172
trade,http://www.wikidata.org/entity/Q601401,trade,172
tax,http://www.wikidata.org/entity/Q8161,tax,172
sky,http://www.wikidata.org/entity/Q527,sky,172
fluorine,http://www.wikidata.org/entity/Q650,fluorine,172
lightning,http://www.wikidata.org/entity/Q33741,lightning,172
gas,http://www.wikidata.org/entity/Q11432,gas,171
mass,http://www.wikidata.org/entity/Q11423,mass,171
poet,http://www.wikidata.org/entity/Q49757,poet,171
electron,http://www.wikidata.org/entity/Q2225,electron,171
jazz,http://www.wikidata.org/entity/Q8341,jazz,171
wood,http://www.wikidata.org/entity/Q287,wood,171
zoology,http://www.wikidata.org/entity/Q431,zoology,171
prehistory,http://www.wikidata.org/entity/Q11756,prehistory,171
email,http://www.wikidata.org/entity/Q9158,email,171
medication,http://www.wikidata.org/entity/Q12140,medication,170
organism,http://www.wikidata.org/entity/Q7239,organism,170
turtle,http://www.wikidata.org/entity/Q223044,Turtle,170
chlorine,http://www.wikidata.org/entity/Q688,chlorine,170
area,http://www.wikidata.org/entity/Q11500,area,170
electronics,http://www.wikidata.org/entity/Q11650,electronics,170
egg,http://www.wikidata.org/entity/Q17147,egg,170
proverb,http://www.wikidata.org/entity/Q35102,proverb,169
sword,http://www.wikidata.org/entity/Q12791,sword,169
emotion,http://www.wikidata.org/entity/Q9415,emotion,169
asteroid,http://www.wikidata.org/entity/Q3863,asteroid,169
bee,http://www.wikidata.org/entity/Q102857,bee,169
boron,http://www.wikidata.org/entity/Q618,boron,169
stomach,http://www.wikidata.org/entity/Q1029907,stomach,169
verb,http://www.wikidata.org/entity/Q24905,verb,169
writing,http://www.wikidata.org/entity/Q37260,writing,168
globalization,http://www.wikidata.org/entity/Q7181,globalization,168
tornado,http://www.wikidata.org/entity/Q8081,tornado,168
software,http://www.wikidata.org/entity/Q7397,software,168
diplomacy,http://www.wikidata.org/entity/Q1889,diplomacy,168
bank,http://www.wikidata.org/entity/Q22687,bank,168
happiness,http://www.wikidata.org/entity/Q8,happiness,167
marxism,http://www.wikidata.org/entity/Q7264,Marxism,167
piano,http://www.wikidata.org/entity/Q5994,piano,167
photosynthesis,http://www.wikidata.org/entity/Q11982,photosynthesis,167
police,http://www.wikidata.org/entity/Q35535,police,167
deer,http://www.wikidata.org/entity/Q23390,Deer,166
monkey,http://www.wikidata.org/entity/Q1367,monkey,166
translation,http://www.wikidata.org/entity/Q7553,translation,166
friendship,http://www.wikidata.org/entity/Q491,friendship,166
argon,http://www.wikidata.org/entity/Q696,argon,166
dictatorship,http://www.wikidata.org/entity/Q317,dictatorship,166
eagle,http://www.wikidata.org/entity/Q2092297,eagle,166
opera,http://www.wikidata.org/entity/Q1344,opera,166
genetics,http://www.wikidata.org/entity/Q7162,genetics,166
temperature,http://www.wikidata.org/entity/Q11466,temperature,165
currency,http://www.wikidata.org/entity/Q8142,currency,165
axe,http://www.wikidata.org/entity/Q39397,axe,164
hair,http://www.wikidata.org/entity/Q28472,hair,164
influenza,http://www.wikidata.org/entity/Q2840,influenza,164
violin,http://www.wikidata.org/entity/Q8355,violin,164
titanium,http://www.wikidata.org/entity/Q716,titanium,164
volleyball,http://www.wikidata.org/entity/Q1734,volleyball,164
cotton,http://www.wikidata.org/entity/Q11457,cotton,164
president,http://www.wikidata.org/entity/Q30461,president,164
butter,http://www.wikidata.org/entity/Q34172,butter,164
diamond,http://www.wikidata.org/entity/Q5283,diamond,164
waterfall,http://www.wikidata.org/entity/Q34038,waterfall,163
boxing,http://www.wikidata.org/entity/Q32112,boxing,163
pizza,http://www.wikidata.org/entity/Q177,pizza,163
information,http://www.wikidata.org/entity/Q11028,information,163
chromium,http://www.wikidata.org/entity/Q725,chromium,163
steel,http://www.wikidata.org/entity/Q11427,steel,163
kidney,http://www.wikidata.org/entity/Q9377,kidney,163
iodine,http://www.wikidata.org/entity/Q1103,iodine,162
crime,http://www.wikidata.org/entity/Q83267,crime,162
boar,http://www.wikidata.org/entity/Q58697,boar,162
soap,http://www.wikidata.org/entity/Q34396,soap,161
gospel,http://www.wikidata.org/entity/Q34274,Gospel,161
hour,http://www.wikidata.org/entity/Q25235,hour,161
arsenic,http://www.wikidata.org/entity/Q871,arsenic,161
cobalt,http://www.wikidata.org/entity/Q740,cobalt,161
wiki,http://www.wikidata.org/entity/Q171,wiki,161
mirror,http://www.wikidata.org/entity/Q35197,mirror,161
soil,http://www.wikidata.org/entity/Q36133,soil,160
kilogram,http://www.wikidata.org/entity/Q11570,kilogram,160
manganese,http://www.wikidata.org/entity/Q731,manganese,160
dream,http://www.wikidata.org/entity/Q36348,dream,159
window,http://www.wikidata.org/entity/Q35473,window,159
road,http://www.wikidata.org/entity/Q34442,road,159
zebra,http://www.wikidata.org/entity/Q32789,Zebra,159
machine,http://www.wikidata.org/entity/Q11019,machine,159
acid,http://www.wikidata.org/entity/Q11158,acid,159
krypton,http://www.wikidata.org/entity/Q888,krypton,159
platinum,http://www.wikidata.org/entity/Q880,platinum,159
nickel,http://www.wikidata.org/entity/Q744,nickel,159
fashion,http://www.wikidata.org/entity/Q12684,fashion,159
orange,http://www.wikidata.org/entity/Q13191,orange,159
hospital,http://www.wikidata.org/entity/Q16917,hospital,159
theology,http://www.wikidata.org/entity/Q34178,theology,159
hunting,http://www.wikidata.org/entity/Q36963,hunting,158
astrology,http://www.wikidata.org/entity/Q34362,astrology,158
vertebrate,http://www.wikidata.org/entity/Q25241,Vertebrate,158
proton,http://www.wikidata.org/entity/Q2294,proton,158
barium,http://www.wikidata.org/entity/Q1112,barium,158
noun,http://www.wikidata.org/entity/Q1084,noun,158
monotheism,http://www.wikidata.org/entity/Q9159,monotheism,158
trigonometry,http://www.wikidata.org/entity/Q8084,trigonometry,158
tobacco,http://www.wikidata.org/entity/Q1566,tobacco,158
circle,http://www.wikidata.org/entity/Q17278,circle,158
website,http://www.wikidata.org/entity/Q35127,website,157
equator,http://www.wikidata.org/entity/Q23538,equator,157
shoe,http://www.wikidata.org/entity/Q22676,shoe,157
pandemic,http://www.wikidata.org/entity/Q12184,pandemic,157
radium,http://www.wikidata.org/entity/Q1128,radium,157
minute,http://www.wikidata.org/entity/Q7727,minute,157
gallium,http://www.wikidata.org/entity/Q861,gallium,157
vanadium,http://www.wikidata.org/entity/Q722,vanadium,157
species,http://www.wikidata.org/entity/Q7432,species,157
sand,http://www.wikidata.org/entity/Q34679,sand,157
cricket,http://www.wikidata.org/entity/Q5375,cricket,157
biochemistry,http://www.wikidata.org/entity/Q7094,biochemistry,156
vagina,http://www.wikidata.org/entity/Q5880,vagina,156
map,http://www.wikidata.org/entity/Q4006,map,156
francium,http://www.wikidata.org/entity/Q671,francium,156
angel,http://www.wikidata.org/entity/Q235113,angel,156
athletics,http://www.wikidata.org/entity/Q542,athletics,156
neck,http://www.wikidata.org/entity/Q9633,neck,156
chair,http://www.wikidata.org/entity/Q15026,chair,155
squirrel,http://www.wikidata.org/entity/Q9482,Squirrel,155
radon,http://www.wikidata.org/entity/Q1133,radon,155
muscle,http://www.wikidata.org/entity/Q7365,muscle,155
garden,http://www.wikidata.org/entity/Q1107656,garden,155
military,http://www.wikidata.org/entity/Q8473,military,155
algorithm,http://www.wikidata.org/entity/Q8366,algorithm,155
halloween,http://www.wikidata.org/entity/Q251868,Halloween,155
cholera,http://www.wikidata.org/entity/Q12090,cholera,155
yoga,http://www.wikidata.org/entity/Q9350,yoga,155
matter,http://www.wikidata.org/entity/Q35758,matter,155
penis,http://www.wikidata.org/entity/Q58,penis,154
prayer,http://www.wikidata.org/entity/Q40953,prayer,154
bus,http://www.wikidata.org/entity/Q5638,bus,154
bromine,http://www.wikidata.org/entity/Q879,bromine,154
selenium,http://www.wikidata.org/entity/Q876,selenium,154
fear,http://www.wikidata.org/entity/Q44619,fear,154
hell,http://www.wikidata.org/entity/Q564,hell,154
malabo,http://www.wikidata.org/entity/Q3818,Malabo,154
face,http://www.wikidata.org/entity/Q37017,face,154
meteorology,http://www.wikidata.org/entity/Q25261,meteorology,154
golf,http://www.wikidata.org/entity/Q5377,golf,154
colonialism,http://www.wikidata.org/entity/Q7167,colonialism,154
rhinoceros,http://www.wikidata.org/entity/Q34718,Rhinoceros,153
cadmium,http://www.wikidata.org/entity/Q1091,cadmium,153
baseball,http://www.wikidata.org/entity/Q5369,baseball,153
nation,http://www.wikidata.org/entity/Q6266,nation,153
biography,http://www.wikidata.org/entity/Q36279,biography,152
arabs,http://www.wikidata.org/entity/Q35323,Arabs,152
tank,http://www.wikidata.org/entity/Q12876,tank,152
caesium,http://www.wikidata.org/entity/Q1108,caesium,152
xenon,http://www.wikidata.org/entity/Q1106,xenon,152
antimony,http://www.wikidata.org/entity/Q1099,antimony,152
anime,http://www.wikidata.org/entity/Q1107,anime,152
strontium,http://www.wikidata.org/entity/Q938,strontium,152
reality,http://www.wikidata.org/entity/Q9510,reality,152
primate,http://www.wikidata.org/entity/Q7380,Primate,152
flour,http://www.wikidata.org/entity/Q36465,flour,152
rabies,http://www.wikidata.org/entity/Q39222,rabies,151
pencil,http://www.wikidata.org/entity/Q14674,pencil,151
plastic,http://www.wikidata.org/entity/Q11474,plastic,151
robot,http://www.wikidata.org/entity/Q11012,robot,151
foot,http://www.wikidata.org/entity/Q3710,foot,151
butterfly,http://www.wikidata.org/entity/Q11946202,butterfly,151
rubidium,http://www.wikidata.org/entity/Q895,rubidium,151
politician,http://www.wikidata.org/entity/Q82955,politician,151
germanium,http://www.wikidata.org/entity/Q867,germanium,151
mineral,http://www.wikidata.org/entity/Q7946,mineral,151
scandium,http://www.wikidata.org/entity/Q713,scandium,151
comics,http://www.wikidata.org/entity/Q1004,comics,151
revolution,http://www.wikidata.org/entity/Q10931,revolution,151
thermodynamics,http://www.wikidata.org/entity/Q11473,thermodynamics,151
conservatism,http://www.wikidata.org/entity/Q7169,conservatism,151
advertising,http://www.wikidata.org/entity/Q37038,advertising,150
square,http://www.wikidata.org/entity/Q164,square,150
duck,http://www.wikidata.org/entity/Q3736439,duck,150
letter,http://www.wikidata.org/entity/Q133492,letter,150
ideology,http://www.wikidata.org/entity/Q7257,ideology,150
tungsten,http://www.wikidata.org/entity/Q743,tungsten,150
sex,http://www.wikidata.org/entity/Q290,sex,150
angle,http://www.wikidata.org/entity/Q11352,angle,150
apartheid,http://www.wikidata.org/entity/Q11409,apartheid,150
swimming,http://www.wikidata.org/entity/Q6388,swimming,150
lawyer,http://www.wikidata.org/entity/Q40348,lawyer,149
province,http://www.wikidata.org/entity/Q34876,province,149
eukaryote,http://www.wikidata.org/entity/Q19088,Eukaryote,149
ostrich,http://www.wikidata.org/entity/Q17592,ostrich,149
toy,http://www.wikidata.org/entity/Q11422,toy,149
plutonium,http://www.wikidata.org/entity/Q1102,plutonium,149
niobium,http://www.wikidata.org/entity/Q1046,niobium,149
bismuth,http://www.wikidata.org/entity/Q942,bismuth,149
iridium,http://www.wikidata.org/entity/Q877,iridium,149
spoon,http://www.wikidata.org/entity/Q81895,spoon,149
drink,http://www.wikidata.org/entity/Q40050,drink,148
cheetah,http://www.wikidata.org/entity/Q23907,Cheetah,148
carbohydrate,http://www.wikidata.org/entity/Q11358,carbohydrate,148
soybean,http://www.wikidata.org/entity/Q11006,Soybean,148
work,http://www.wikidata.org/entity/Q268378,work,148
hat,http://www.wikidata.org/entity/Q80151,hat,148
epistemology,http://www.wikidata.org/entity/Q9471,epistemology,148
velocity,http://www.wikidata.org/entity/Q11465,velocity,148
imperialism,http://www.wikidata.org/entity/Q7260,imperialism,148
glacier,http://www.wikidata.org/entity/Q35666,glacier,148
prison,http://www.wikidata.org/entity/Q40357,prison,147
plough,http://www.wikidata.org/entity/Q11464,plough,147
girl,http://www.wikidata.org/entity/Q3031,girl,147
palladium,http://www.wikidata.org/entity/Q1089,palladium,147
molybdenum,http://www.wikidata.org/entity/Q1053,molybdenum,147
airport,http://www.wikidata.org/entity/Q1248784,airport,147
polonium,http://www.wikidata.org/entity/Q979,polonium,147
telescope,http://www.wikidata.org/entity/Q4213,telescope,147
bitcoin,http://www.wikidata.org/entity/Q131723,bitcoin,147
osmium,http://www.wikidata.org/entity/Q751,osmium,147
carrot,http://www.wikidata.org/entity/Q81,carrot,147
panda,http://www.wikidata.org/entity/Q33602,panda,146
cetacean,http://www.wikidata.org/entity/Q160,Cetacean,146
mollusca,http://www.wikidata.org/entity/Q25326,Mollusca,146
pea,http://www.wikidata.org/entity/Q25237,Pea,146
coal,http://www.wikidata.org/entity/Q24489,coal,146
scorpion,http://www.wikidata.org/entity/Q19125,Scorpion,146
obesity,http://www.wikidata.org/entity/Q12174,obesity,146
penguin,http://www.wikidata.org/entity/Q9147,Penguin,146
tantalum,http://www.wikidata.org/entity/Q1123,tantalum,146
yttrium,http://www.wikidata.org/entity/Q941,yttrium,146
acceleration,http://www.wikidata.org/entity/Q11376,acceleration,146
judo,http://www.wikidata.org/entity/Q11420,judo,146
measurement,http://www.wikidata.org/entity/Q12453,measurement,146
enzyme,http://www.wikidata.org/entity/Q8047,enzyme,146
boat,http://www.wikidata.org/entity/Q35872,boat,145
peninsula,http://www.wikidata.org/entity/Q34763,peninsula,145
drum,http://www.wikidata.org/entity/Q11404,drum,145
tellurium,http://www.wikidata.org/entity/Q1100,tellurium,145
hafnium,http://www.wikidata.org/entity/Q1119,hafnium,145
technetium,http://www.wikidata.org/entity/Q1054,technetium,145
journalist,http://www.wikidata.org/entity/Q1930187,journalist,145
astatine,http://www.wikidata.org/entity/Q999,astatine,145
memory,http://www.wikidata.org/entity/Q492,memory,145
copyright,http://www.wikidata.org/entity/Q1297822,copyright,145
liquid,http://www.wikidata.org/entity/Q11435,liquid,145
rugby,http://www.wikidata.org/entity/Q5378,rugby,145
prostitution,http://www.wikidata.org/entity/Q36633,prostitution,144
indium,http://www.wikidata.org/entity/Q1094,indium,144
rhodium,http://www.wikidata.org/entity/Q1087,rhodium,144
zirconium,http://www.wikidata.org/entity/Q1038,zirconium,144
liberty,http://www.wikidata.org/entity/Q2979,liberty,144
pyramid,http://www.wikidata.org/entity/Q12516,pyramid,144
badminton,http://www.wikidata.org/entity/Q7291,badminton,144
constellation,http://www.wikidata.org/entity/Q8928,constellation,144
fog,http://www.wikidata.org/entity/Q37477,fog,144
table,http://www.wikidata.org/entity/Q14748,table,144
leprosy,http://www.wikidata.org/entity/Q36956,leprosy,143
reproduction,http://www.wikidata.org/entity/Q11990,reproduction,143
rabbit,http://www.wikidata.org/entity/Q9394,Rabbit,143
arthropod,http://www.wikidata.org/entity/Q1360,Arthropod,143
thorium,http://www.wikidata.org/entity/Q1115,thorium,143
neptunium,http://www.wikidata.org/entity/Q1105,neptunium,143
ruthenium,http://www.wikidata.org/entity/Q1086,ruthenium,143
actinium,http://www.wikidata.org/entity/Q1121,actinium,143
equation,http://www.wikidata.org/entity/Q11345,equation,143
integer,http://www.wikidata.org/entity/Q12503,integer,143
yen,http://www.wikidata.org/entity/Q8146,yen,143
hammer,http://www.wikidata.org/entity/Q25294,hammer,143
glasses,http://www.wikidata.org/entity/Q37501,glasses,142
archipelago,http://www.wikidata.org/entity/Q33837,archipelago,142
alcohols,http://www.wikidata.org/entity/Q156,alcohols,142
mango,http://www.wikidata.org/entity/Q169,mango,142
lip,http://www.wikidata.org/entity/Q15173,lip,142
smallpox,http://www.wikidata.org/entity/Q12214,smallpox,142
rye,http://www.wikidata.org/entity/Q12099,Rye,142
litre,http://www.wikidata.org/entity/Q11582,litre,142
maltese,http://www.wikidata.org/entity/Q9166,Maltese,142
lanthanum,http://www.wikidata.org/entity/Q1801,lanthanum,142
thallium,http://www.wikidata.org/entity/Q932,thallium,142
skeleton,http://www.wikidata.org/entity/Q7881,skeleton,142
rhenium,http://www.wikidata.org/entity/Q737,rhenium,142
measles,http://www.wikidata.org/entity/Q79793,measles,142
corruption,http://www.wikidata.org/entity/Q366,corruption,142
catholicism,http://www.wikidata.org/entity/Q1841,Catholicism,142
deafness,http://www.wikidata.org/entity/Q12133,deafness,142
atmosphere,http://www.wikidata.org/entity/Q8104,atmosphere,142
vowel,http://www.wikidata.org/entity/Q36244,vowel,142
pneumonia,http://www.wikidata.org/entity/Q12192,pneumonia,141
neutron,http://www.wikidata.org/entity/Q2348,neutron,141
kitchen,http://www.wikidata.org/entity/Q43164,kitchen,141
dragon,http://www.wikidata.org/entity/Q7559,dragon,141
anger,http://www.wikidata.org/entity/Q79871,anger,141
door,http://www.wikidata.org/entity/Q36794,door,141
beard,http://www.wikidata.org/entity/Q42804,beard,141
inflation,http://www.wikidata.org/entity/Q35865,inflation,141
cave,http://www.wikidata.org/entity/Q35509,cave,140
root,http://www.wikidata.org/entity/Q41500,root,140
europium,http://www.wikidata.org/entity/Q1396,europium,140
urine,http://www.wikidata.org/entity/Q40924,urine,140
aviation,http://www.wikidata.org/entity/Q765633,aviation,140
solid,http://www.wikidata.org/entity/Q11438,solid,140
independence,http://www.wikidata.org/entity/Q37055,independence,140
metaphysics,http://www.wikidata.org/entity/Q35277,metaphysics,140
mayor,http://www.wikidata.org/entity/Q30185,mayor,139
bed,http://www.wikidata.org/entity/Q42177,bed,139
candle,http://www.wikidata.org/entity/Q12888135,candle,139
oil,http://www.wikidata.org/entity/Q42962,oil,139
microscope,http://www.wikidata.org/entity/Q196538,microscope,139
air,http://www.wikidata.org/entity/Q7391292,air,139
flute,http://www.wikidata.org/entity/Q11405,flute,139
king,http://www.wikidata.org/entity/Q12097,king,139
dam,http://www.wikidata.org/entity/Q12323,dam,139
propaganda,http://www.wikidata.org/entity/Q7281,propaganda,139
trumpet,http://www.wikidata.org/entity/Q8338,trumpet,139
parliament,http://www.wikidata.org/entity/Q35749,parliament,139
cemetery,http://www.wikidata.org/entity/Q39614,cemetery,138
refrigerator,http://www.wikidata.org/entity/Q37828,refrigerator,138
aesthetics,http://www.wikidata.org/entity/Q35986,aesthetics,138
folklore,http://www.wikidata.org/entity/Q36192,folklore,138
adjective,http://www.wikidata.org/entity/Q34698,adjective,138
dialect,http://www.wikidata.org/entity/Q33384,dialect,138
hormone,http://www.wikidata.org/entity/Q11364,hormone,138
travel,http://www.wikidata.org/entity/Q61509,travel,138
rutherfordium,http://www.wikidata.org/entity/Q1226,rutherfordium,138
seed,http://www.wikidata.org/entity/Q40763,seed,138
hassium,http://www.wikidata.org/entity/Q1252,hassium,138
priest,http://www.wikidata.org/entity/Q42603,priest,138
vaccine,http://www.wikidata.org/entity/Q134808,vaccine,138
fox,http://www.wikidata.org/entity/Q8331,fox,138
probability,http://www.wikidata.org/entity/Q9492,probability,138
consonant,http://www.wikidata.org/entity/Q38035,consonant,138
helicopter,http://www.wikidata.org/entity/Q34486,helicopter,137
addition,http://www.wikidata.org/entity/Q32043,addition,137
infinity,http://www.wikidata.org/entity/Q205,infinity,137
felidae,http://www.wikidata.org/entity/Q25265,Felidae,137
magnet,http://www.wikidata.org/entity/Q11421,magnet,137
hyena,http://www.wikidata.org/entity/Q42046,Hyena,137
samarium,http://www.wikidata.org/entity/Q1819,samarium,137
lutetium,http://www.wikidata.org/entity/Q1857,lutetium,137
cerium,http://www.wikidata.org/entity/Q1385,cerium,137
organ,http://www.wikidata.org/entity/Q712378,organ,137
economy,http://www.wikidata.org/entity/Q159810,economy,137
genocide,http://www.wikidata.org/entity/Q41397,genocide,137
motorcycle,http://www.wikidata.org/entity/Q34493,motorcycle,136
menstruation,http://www.wikidata.org/entity/Q12171,menstruation,136
submarine,http://www.wikidata.org/entity/Q2811,submarine,136
californium,http://www.wikidata.org/entity/Q1888,californium,136
einsteinium,http://www.wikidata.org/entity/Q1892,einsteinium,136
protactinium,http://www.wikidata.org/entity/Q1109,protactinium,136
seaborgium,http://www.wikidata.org/entity/Q1234,seaborgium,136
sunflower,http://www.wikidata.org/entity/Q171497,sunflower,136
business,http://www.wikidata.org/entity/Q4830453,business,136
morality,http://www.wikidata.org/entity/Q48324,morality,136
antibiotic,http://www.wikidata.org/entity/Q12187,antibiotic,136
tower,http://www.wikidata.org/entity/Q12518,tower,136
phonetics,http://www.wikidata.org/entity/Q35395,phonetics,136
brick,http://www.wikidata.org/entity/Q40089,brick,135
valley,http://www.wikidata.org/entity/Q39816,valley,135
algae,http://www.wikidata.org/entity/Q37868,algae,135
vitamin,http://www.wikidata.org/entity/Q34956,vitamin,135
animation,http://www.wikidata.org/entity/Q11425,animation,135
karate,http://www.wikidata.org/entity/Q11419,karate,135
buttocks,http://www.wikidata.org/entity/Q42165,buttocks,135
promethium,http://www.wikidata.org/entity/Q1809,promethium,135
gadolinium,http://www.wikidata.org/entity/Q1832,gadolinium,135
americium,http://www.wikidata.org/entity/Q1872,americium,135
dubnium,http://www.wikidata.org/entity/Q1232,dubnium,135
metabolism,http://www.wikidata.org/entity/Q1057,metabolism,135
printing,http://www.wikidata.org/entity/Q11034,printing,135
compass,http://www.wikidata.org/entity/Q34735,compass,135
canal,http://www.wikidata.org/entity/Q12284,canal,134
behavior,http://www.wikidata.org/entity/Q9332,behavior,134
masturbation,http://www.wikidata.org/entity/Q8396,masturbation,134
fermium,http://www.wikidata.org/entity/Q1896,fermium,134
nobelium,http://www.wikidata.org/entity/Q1901,nobelium,134
neodymium,http://www.wikidata.org/entity/Q1388,neodymium,134
magazine,http://www.wikidata.org/entity/Q41298,magazine,134
praseodymium,http://www.wikidata.org/entity/Q1386,praseodymium,134
meitnerium,http://www.wikidata.org/entity/Q1258,meitnerium,134
radish,http://www.wikidata.org/entity/Q7224565,Radish,134
transistor,http://www.wikidata.org/entity/Q5339,transistor,134
spice,http://www.wikidata.org/entity/Q42527,spice,134
name,http://www.wikidata.org/entity/Q82799,name,134
spinach,http://www.wikidata.org/entity/Q81464,Spinach,134
pornography,http://www.wikidata.org/entity/Q291,pornography,134
scientist,http://www.wikidata.org/entity/Q901,scientist,134
bohrium,http://www.wikidata.org/entity/Q1249,bohrium,134
knee,http://www.wikidata.org/entity/Q37425,knee,134
passport,http://www.wikidata.org/entity/Q43812,passport,133
fever,http://www.wikidata.org/entity/Q38933,fever,133
devanagari,http://www.wikidata.org/entity/Q38592,Devanagari,133
woodpecker,http://www.wikidata.org/entity/Q25439,Woodpecker,133
headache,http://www.wikidata.org/entity/Q86,headache,133
dysprosium,http://www.wikidata.org/entity/Q1843,dysprosium,133
berkelium,http://www.wikidata.org/entity/Q1882,berkelium,133
curium,http://www.wikidata.org/entity/Q1876,curium,133
oganesson,http://www.wikidata.org/entity/Q1307,oganesson,133
sin,http://www.wikidata.org/entity/Q60227,sin,133
tear,http://www.wikidata.org/entity/Q76469,tear,133
gorilla,http://www.wikidata.org/entity/Q36611,Gorilla,133
cooking,http://www.wikidata.org/entity/Q38695,cooking,132
hotel,http://www.wikidata.org/entity/Q27686,hotel,132
lawrencium,http://www.wikidata.org/entity/Q1905,lawrencium,132
erbium,http://www.wikidata.org/entity/Q1849,erbium,132
epilepsy,http://www.wikidata.org/entity/Q41571,epilepsy,132
ytterbium,http://www.wikidata.org/entity/Q1855,ytterbium,132
mendelevium,http://www.wikidata.org/entity/Q1898,mendelevium,132
terbium,http://www.wikidata.org/entity/Q1838,terbium,132
scissors,http://www.wikidata.org/entity/Q40847,scissors,132
biotechnology,http://www.wikidata.org/entity/Q7108,biotechnology,132
pain,http://www.wikidata.org/entity/Q81938,pain,132
port,http://www.wikidata.org/entity/Q44782,port,132
brown,http://www.wikidata.org/entity/Q47071,brown,132
physiology,http://www.wikidata.org/entity/Q521,physiology,132
frequency,http://www.wikidata.org/entity/Q11652,frequency,132
juice,http://www.wikidata.org/entity/Q8492,juice,132
polytheism,http://www.wikidata.org/entity/Q9163,polytheism,132
news,http://www.wikidata.org/entity/Q38926,news,132
bronze,http://www.wikidata.org/entity/Q34095,bronze,132
hail,http://www.wikidata.org/entity/Q37602,hail,131
birch,http://www.wikidata.org/entity/Q25243,Birch,131
beetle,http://www.wikidata.org/entity/Q22671,Beetle,131
stroke,http://www.wikidata.org/entity/Q12202,stroke,131
kelvin,http://www.wikidata.org/entity/Q11579,kelvin,131
gambling,http://www.wikidata.org/entity/Q11416,gambling,131
holmium,http://www.wikidata.org/entity/Q1846,holmium,131
court,http://www.wikidata.org/entity/Q41487,court,131
roentgenium,http://www.wikidata.org/entity/Q1272,roentgenium,131
kiss,http://www.wikidata.org/entity/Q7307,kiss,131
kilometre,http://www.wikidata.org/entity/Q828224,kilometre,131
hill,http://www.wikidata.org/entity/Q54050,hill,131
prose,http://www.wikidata.org/entity/Q676,prose,131
blues,http://www.wikidata.org/entity/Q9759,blues,131
silk,http://www.wikidata.org/entity/Q37681,silk,131
genus,http://www.wikidata.org/entity/Q34740,genus,131
multiplication,http://www.wikidata.org/entity/Q40276,multiplication,130
trousers,http://www.wikidata.org/entity/Q39908,trousers,130
baptism,http://www.wikidata.org/entity/Q35856,baptism,130
blog,http://www.wikidata.org/entity/Q30849,blog,130
textile,http://www.wikidata.org/entity/Q28823,textile,130
smartphone,http://www.wikidata.org/entity/Q22645,smartphone,130
judge,http://www.wikidata.org/entity/Q16533,judge,130
darmstadtium,http://www.wikidata.org/entity/Q1266,darmstadtium,130
people,http://www.wikidata.org/entity/Q2472587,people,130
wall,http://www.wikidata.org/entity/Q42948,wall,130
plasma,http://www.wikidata.org/entity/Q10251,plasma,130
vacuum,http://www.wikidata.org/entity/Q11475,vacuum,130
capital,http://www.wikidata.org/entity/Q8137,capital,130
composer,http://www.wikidata.org/entity/Q36834,composer,130
length,http://www.wikidata.org/entity/Q36253,length,130
heat,http://www.wikidata.org/entity/Q44432,heat,129
koala,http://www.wikidata.org/entity/Q36101,Koala,129
ounce,http://www.wikidata.org/entity/Q30197,ounce,129
base,http://www.wikidata.org/entity/Q11193,base,129
nut,http://www.wikidata.org/entity/Q11009,nut,129
cigarette,http://www.wikidata.org/entity/Q1578,cigarette,129
copernicium,http://www.wikidata.org/entity/Q1278,copernicium,129
nihonium,http://www.wikidata.org/entity/Q1301,nihonium,129
wisdom,http://www.wikidata.org/entity/Q799,wisdom,129
humanism,http://www.wikidata.org/entity/Q46158,humanism,129
wife,http://www.wikidata.org/entity/Q188830,wife,129
division,http://www.wikidata.org/entity/Q1226939,division,129
pedagogy,http://www.wikidata.org/entity/Q7922,pedagogy,129
syllable,http://www.wikidata.org/entity/Q8188,syllable,129
pharaoh,http://www.wikidata.org/entity/Q37110,pharaoh,129
soup,http://www.wikidata.org/entity/Q41415,soup,129
optics,http://www.wikidata.org/entity/Q14620,optics,129
beach,http://www.wikidata.org/entity/Q40080,beach,128
apricot,http://www.wikidata.org/entity/Q37453,apricot,128
singing,http://www.wikidata.org/entity/Q27939,singing,128
ethanol,http://www.wikidata.org/entity/Q153,ethanol,128
fishing,http://www.wikidata.org/entity/Q14373,fishing,128
yogurt,http://www.wikidata.org/entity/Q13317,yogurt,128
astronaut,http://www.wikidata.org/entity/Q11631,astronaut,128
nanotechnology,http://www.wikidata.org/entity/Q11468,nanotechnology,128
thulium,http://www.wikidata.org/entity/Q1853,thulium,128
moscovium,http://www.wikidata.org/entity/Q1303,moscovium,128
comedy,http://www.wikidata.org/entity/Q40831,comedy,128
lie,http://www.wikidata.org/entity/Q4925193,lie,128
infant,http://www.wikidata.org/entity/Q998,infant,128
materialism,http://www.wikidata.org/entity/Q7081,materialism,128
leg,http://www.wikidata.org/entity/Q133105,leg,128
agnosticism,http://www.wikidata.org/entity/Q288928,Agnosticism,128
manga,http://www.wikidata.org/entity/Q8274,manga,128
alcoholism,http://www.wikidata.org/entity/Q15326,alcoholism,128
latitude,http://www.wikidata.org/entity/Q34027,latitude,128
pronoun,http://www.wikidata.org/entity/Q36224,pronoun,128
moose,http://www.wikidata.org/entity/Q35517,Moose,127
condom,http://www.wikidata.org/entity/Q14076,condom,127
blindness,http://www.wikidata.org/entity/Q10874,blindness,127
sentence,http://www.wikidata.org/entity/Q41796,sentence,127
livermorium,http://www.wikidata.org/entity/Q1304,livermorium,127
diarrhea,http://www.wikidata.org/entity/Q40878,diarrhea,127
poison,http://www.wikidata.org/entity/Q40867,poison,127
laughter,http://www.wikidata.org/entity/Q170579,laughter,127
gene,http://www.wikidata.org/entity/Q7187,gene,127
capacitor,http://www.wikidata.org/entity/Q5322,capacitor,127
morning,http://www.wikidata.org/entity/Q7722,morning,127
vegetarianism,http://www.wikidata.org/entity/Q83364,vegetarianism,127
literacy,http://www.wikidata.org/entity/Q8236,literacy,127
marathon,http://www.wikidata.org/entity/Q40244,marathon,127
coin,http://www.wikidata.org/entity/Q41207,coin,127
research,http://www.wikidata.org/entity/Q42240,research,127
wool,http://www.wikidata.org/entity/Q42329,wool,127
castle,http://www.wikidata.org/entity/Q23413,castle,127
tractor,http://www.wikidata.org/entity/Q39495,tractor,126
asthma,http://www.wikidata.org/entity/Q35869,asthma,126
firefly,http://www.wikidata.org/entity/Q25420,Firefly,126
digestion,http://www.wikidata.org/entity/Q11978,digestion,126
testicle,http://www.wikidata.org/entity/Q9384,testicle,126
umbrella,http://www.wikidata.org/entity/Q41607,umbrella,126
building,http://www.wikidata.org/entity/Q41176,building,126
violence,http://www.wikidata.org/entity/Q124490,violence,126
turkey,http://www.wikidata.org/entity/Q43794,turkey,126
microbiology,http://www.wikidata.org/entity/Q7193,microbiology,126
organization,http://www.wikidata.org/entity/Q43229,organization,126
lettuce,http://www.wikidata.org/entity/Q83193,Lettuce,126
fiction,http://www.wikidata.org/entity/Q8253,fiction,126
legend,http://www.wikidata.org/entity/Q44342,legend,126
ring,http://www.wikidata.org/entity/Q46847,ring,126
wedding,http://www.wikidata.org/entity/Q49836,wedding,126
storm,http://www.wikidata.org/entity/Q81054,storm,126
pink,http://www.wikidata.org/entity/Q429220,pink,126
diode,http://www.wikidata.org/entity/Q11656,diode,126
nail,http://www.wikidata.org/entity/Q37077,nail,126
dew,http://www.wikidata.org/entity/Q41097,dew,126
consciousness,http://www.wikidata.org/entity/Q7087,consciousness,126
emperor,http://www.wikidata.org/entity/Q39018,emperor,125
millennium,http://www.wikidata.org/entity/Q36507,millennium,125
jaguar,http://www.wikidata.org/entity/Q35694,Jaguar,125
logarithm,http://www.wikidata.org/entity/Q11197,logarithm,125
flerovium,http://www.wikidata.org/entity/Q1302,flerovium,125
sesame,http://www.wikidata.org/entity/Q2763698,Sesame,125
dolphin,http://www.wikidata.org/entity/Q7369,dolphin,125
paleontology,http://www.wikidata.org/entity/Q7205,paleontology,125
termite,http://www.wikidata.org/entity/Q546583,Termite,125
breathing,http://www.wikidata.org/entity/Q9530,breathing,125
fasting,http://www.wikidata.org/entity/Q44602,fasting,125
sushi,http://www.wikidata.org/entity/Q46383,sushi,125
divorce,http://www.wikidata.org/entity/Q93190,divorce,125
gunpowder,http://www.wikidata.org/entity/Q12861,gunpowder,125
phoneme,http://www.wikidata.org/entity/Q8183,phoneme,125
syntax,http://www.wikidata.org/entity/Q37437,syntax,125
prophet,http://www.wikidata.org/entity/Q42857,prophet,125
ion,http://www.wikidata.org/entity/Q36496,ion,125
strait,http://www.wikidata.org/entity/Q37901,strait,124
chromosome,http://www.wikidata.org/entity/Q37748,chromosome,124
cough,http://www.wikidata.org/entity/Q35805,cough,124
synagogue,http://www.wikidata.org/entity/Q34627,synagogue,124
citizenship,http://www.wikidata.org/entity/Q42138,citizenship,124
abdomen,http://www.wikidata.org/entity/Q9597,abdomen,124
epidemic,http://www.wikidata.org/entity/Q44512,epidemic,124
flea,http://www.wikidata.org/entity/Q388162,Flea,124
farmer,http://www.wikidata.org/entity/Q131512,farmer,124
thunder,http://www.wikidata.org/entity/Q83301,thunder,124
nerve,http://www.wikidata.org/entity/Q9620,nerve,124
demography,http://www.wikidata.org/entity/Q37732,demography,124
microorganism,http://www.wikidata.org/entity/Q39833,microorganism,123
marketing,http://www.wikidata.org/entity/Q39809,marketing,123
lighthouse,http://www.wikidata.org/entity/Q39715,lighthouse,123
gasoline,http://www.wikidata.org/entity/Q39558,gasoline,123
passerine,http://www.wikidata.org/entity/Q25341,Passerine,123
skull,http://www.wikidata.org/entity/Q13147,skull,123
disability,http://www.wikidata.org/entity/Q12131,disability,123
protist,http://www.wikidata.org/entity/Q10892,Protist,123
uterus,http://www.wikidata.org/entity/Q9612,uterus,123
dialectic,http://www.wikidata.org/entity/Q9453,dialectic,123
fundamentalism,http://www.wikidata.org/entity/Q9149,fundamentalism,123
kangaroo,http://www.wikidata.org/entity/Q5070208,kangaroo,123
fennel,http://www.wikidata.org/entity/Q43511,Fennel,123
horizon,http://www.wikidata.org/entity/Q43261,horizon,123
allergy,http://www.wikidata.org/entity/Q42982,allergy,123
azerbaijanis,http://www.wikidata.org/entity/Q482942,Azerbaijanis,123
murder,http://www.wikidata.org/entity/Q132821,murder,123
mentha,http://www.wikidata.org/entity/Q47859,Mentha,123
metallurgy,http://www.wikidata.org/entity/Q11467,metallurgy,123
arch,http://www.wikidata.org/entity/Q12277,arch,123
avalanche,http://www.wikidata.org/entity/Q7935,avalanche,123
volume,http://www.wikidata.org/entity/Q39297,volume,123
shoulder,http://www.wikidata.org/entity/Q16363,shoulder,123
concrete,http://www.wikidata.org/entity/Q22657,concrete,123
weight,http://www.wikidata.org/entity/Q25288,weight,123
tissue,http://www.wikidata.org/entity/Q40397,tissue,122
alloy,http://www.wikidata.org/entity/Q37756,alloy,122
rectangle,http://www.wikidata.org/entity/Q209,rectangle,122
canidae,http://www.wikidata.org/entity/Q25324,Canidae,122
isotope,http://www.wikidata.org/entity/Q25276,isotope,122
dollar,http://www.wikidata.org/entity/Q14083,dollar,122
cactus,http://www.wikidata.org/entity/Q14560,Cactus,122
shahada,http://www.wikidata.org/entity/Q41831,Shahada,122
orangutan,http://www.wikidata.org/entity/Q41050,Orangutan,122
tennessine,http://www.wikidata.org/entity/Q1306,tennessine,122
soldier,http://www.wikidata.org/entity/Q4991371,soldier,122
engine,http://www.wikidata.org/entity/Q44167,engine,122
mushroom,http://www.wikidata.org/entity/Q83093,mushroom,122
vein,http://www.wikidata.org/entity/Q9609,vein,122
salah,http://www.wikidata.org/entity/Q234869,salah,122
mathematician,http://www.wikidata.org/entity/Q170790,mathematician,122
thorax,http://www.wikidata.org/entity/Q9645,thorax,122
screw,http://www.wikidata.org/entity/Q11022,screw,122
feudalism,http://www.wikidata.org/entity/Q37739,feudalism,122
basil,http://www.wikidata.org/entity/Q38859,Basil,122
surgery,http://www.wikidata.org/entity/Q40821,surgery,122
clay,http://www.wikidata.org/entity/Q42302,clay,122
crystal,http://www.wikidata.org/entity/Q43533,crystal,121
pearl,http://www.wikidata.org/entity/Q43436,pearl,121
reindeer,http://www.wikidata.org/entity/Q39624,Reindeer,121
mice,http://www.wikidata.org/entity/Q39275,mice,121
mouse,http://www.wikidata.org/entity/Q39275,mouse,121
ecosystem,http://www.wikidata.org/entity/Q37813,ecosystem,121
wave,http://www.wikidata.org/entity/Q37172,wave,121
kingdom,http://www.wikidata.org/entity/Q36732,kingdom,121
parturition,http://www.wikidata.org/entity/Q34581,parturition,121
antisemitism,http://www.wikidata.org/entity/Q22649,antisemitism,121
ball,http://www.wikidata.org/entity/Q18545,ball,121
lipid,http://www.wikidata.org/entity/Q11367,lipid,121
tram,http://www.wikidata.org/entity/Q3407658,tram,121
subtraction,http://www.wikidata.org/entity/Q40754,subtraction,121
theft,http://www.wikidata.org/entity/Q2727213,theft,121
discrimination,http://www.wikidata.org/entity/Q169207,discrimination,121
pumpkin,http://www.wikidata.org/entity/Q165308,pumpkin,121
drought,http://www.wikidata.org/entity/Q43059,drought,121
cheek,http://www.wikidata.org/entity/Q47038,cheek,121
navel,http://www.wikidata.org/entity/Q43801,navel,121
anus,http://www.wikidata.org/entity/Q497,anus,121
feces,http://www.wikidata.org/entity/Q496,feces,121
singer,http://www.wikidata.org/entity/Q177220,singer,121
empire,http://www.wikidata.org/entity/Q48349,empire,121
pollution,http://www.wikidata.org/entity/Q58734,pollution,121
cinematography,http://www.wikidata.org/entity/Q590870,cinematography,121
future,http://www.wikidata.org/entity/Q344,future,121
pancreas,http://www.wikidata.org/entity/Q9618,pancreas,121
haiku,http://www.wikidata.org/entity/Q37707,haiku,121
army,http://www.wikidata.org/entity/Q37726,army,121
pressure,http://www.wikidata.org/entity/Q39552,pressure,121
vinegar,http://www.wikidata.org/entity/Q41354,vinegar,121
sickle,http://www.wikidata.org/entity/Q42233,sickle,121
calculator,http://www.wikidata.org/entity/Q31087,calculator,121
bay,http://www.wikidata.org/entity/Q39594,bay,120
hectare,http://www.wikidata.org/entity/Q35852,hectare,120
stork,http://www.wikidata.org/entity/Q28507,Stork,120
theory,http://www.wikidata.org/entity/Q17737,theory,120
municipality,http://www.wikidata.org/entity/Q15284,municipality,120
salt,http://www.wikidata.org/entity/Q12370,salt,120
poliomyelitis,http://www.wikidata.org/entity/Q12195,poliomyelitis,120
dentistry,http://www.wikidata.org/entity/Q12128,dentistry,120
semiconductor,http://www.wikidata.org/entity/Q11456,semiconductor,120
drug,http://www.wikidata.org/entity/Q8386,drug,120
fossil,http://www.wikidata.org/entity/Q40614,fossil,120
tradition,http://www.wikidata.org/entity/Q82821,tradition,120
sharia,http://www.wikidata.org/entity/Q482752,sharia,120
reason,http://www.wikidata.org/entity/Q178354,reason,120
calculus,http://www.wikidata.org/entity/Q149972,calculus,120
broom,http://www.wikidata.org/entity/Q172833,broom,120
entertainment,http://www.wikidata.org/entity/Q173799,entertainment,120
hadith,http://www.wikidata.org/entity/Q234343,hadith,120
zionism,http://www.wikidata.org/entity/Q42388,Zionism,120
bishop,http://www.wikidata.org/entity/Q29182,bishop,120
methane,http://www.wikidata.org/entity/Q37129,methane,119
redbreast,http://www.wikidata.org/entity/Q25334,redbreast,119
robin,http://www.wikidata.org/entity/Q25334,robin,119
ampere,http://www.wikidata.org/entity/Q25272,ampere,119
plate,http://www.wikidata.org/entity/Q57216,plate,119
rainforest,http://www.wikidata.org/entity/Q9444,rainforest,119
forehead,http://www.wikidata.org/entity/Q41055,forehead,119
unemployment,http://www.wikidata.org/entity/Q41171,unemployment,119
rocket,http://www.wikidata.org/entity/Q41291,rocket,119
phonology,http://www.wikidata.org/entity/Q40998,phonology,119
invention,http://www.wikidata.org/entity/Q14208553,invention,119
devil,http://www.wikidata.org/entity/Q6674,devil,119
patriotism,http://www.wikidata.org/entity/Q6241,patriotism,119
birthday,http://www.wikidata.org/entity/Q47223,birthday,119
motion,http://www.wikidata.org/entity/Q79782,motion,119
arrow,http://www.wikidata.org/entity/Q45922,arrow,119
reggae,http://www.wikidata.org/entity/Q9794,reggae,119
calligraphy,http://www.wikidata.org/entity/Q12681,calligraphy,119
psychiatry,http://www.wikidata.org/entity/Q7867,psychiatry,119
syphilis,http://www.wikidata.org/entity/Q41083,syphilis,119
mechanics,http://www.wikidata.org/entity/Q41217,mechanics,119
finance,http://www.wikidata.org/entity/Q43015,finance,119
longitude,http://www.wikidata.org/entity/Q36477,longitude,119
laser,http://www.wikidata.org/entity/Q38867,laser,118
autism,http://www.wikidata.org/entity/Q38404,autism,118
essay,http://www.wikidata.org/entity/Q35760,essay,118
cinnamon,http://www.wikidata.org/entity/Q28165,cinnamon,118
halogens,http://www.wikidata.org/entity/Q19605,halogens,118
pottery,http://www.wikidata.org/entity/Q11642,pottery,118
tail,http://www.wikidata.org/entity/Q60960,tail,118
database,http://www.wikidata.org/entity/Q8513,database,118
semen,http://www.wikidata.org/entity/Q9715,semen,118
zoo,http://www.wikidata.org/entity/Q43501,zoo,118
vehicle,http://www.wikidata.org/entity/Q42889,vehicle,118
hatred,http://www.wikidata.org/entity/Q160232,hatred,118
rape,http://www.wikidata.org/entity/Q47092,rape,118
worm,http://www.wikidata.org/entity/Q47253,worm,118
learning,http://www.wikidata.org/entity/Q133500,learning,118
tragedy,http://www.wikidata.org/entity/Q80930,tragedy,118
vodka,http://www.wikidata.org/entity/Q374,vodka,118
line,http://www.wikidata.org/entity/Q37105,line,118
aurora,http://www.wikidata.org/entity/Q40609,aurora,118
walrus,http://www.wikidata.org/entity/Q40994,Walrus,118
parsley,http://www.wikidata.org/entity/Q25284,Parsley,118
match,http://www.wikidata.org/entity/Q37507,match,117
axiom,http://www.wikidata.org/entity/Q17736,axiom,117
firearm,http://www.wikidata.org/entity/Q12796,firearm,117
malnutrition,http://www.wikidata.org/entity/Q12167,malnutrition,117
penicillin,http://www.wikidata.org/entity/Q12190,penicillin,117
transformer,http://www.wikidata.org/entity/Q11658,transformer,117
sweat,http://www.wikidata.org/entity/Q3503092,sweat,117
pen,http://www.wikidata.org/entity/Q165447,pen,117
hamburger,http://www.wikidata.org/entity/Q6663,hamburger,117
necktie,http://www.wikidata.org/entity/Q44416,necktie,117
resistor,http://www.wikidata.org/entity/Q5321,resistor,117
statute,http://www.wikidata.org/entity/Q820655,statute,117
intelligence,http://www.wikidata.org/entity/Q83500,intelligence,117
virtue,http://www.wikidata.org/entity/Q157811,virtue,117
cassava,http://www.wikidata.org/entity/Q83124,Cassava,117
snail,http://www.wikidata.org/entity/Q308841,snail,117
magic,http://www.wikidata.org/entity/Q81741,magic,117
student,http://www.wikidata.org/entity/Q48282,student,117
toilet,http://www.wikidata.org/entity/Q7857,toilet,117
whisky,http://www.wikidata.org/entity/Q281,whisky,117
roof,http://www.wikidata.org/entity/Q83180,roof,117
plague,http://www.wikidata.org/entity/Q133780,plague,117
youth,http://www.wikidata.org/entity/Q190007,youth,117
hope,http://www.wikidata.org/entity/Q190507,hope,117
battery,http://www.wikidata.org/entity/Q267298,battery,117
photon,http://www.wikidata.org/entity/Q3198,photon,117
surrealism,http://www.wikidata.org/entity/Q39427,Surrealism,117
schizophrenia,http://www.wikidata.org/entity/Q41112,schizophrenia,117
wrestling,http://www.wikidata.org/entity/Q42486,wrestling,117
order,http://www.wikidata.org/entity/Q36602,order,117
temple,http://www.wikidata.org/entity/Q44539,temple,116
phylum,http://www.wikidata.org/entity/Q38348,phylum,116
cabbage,http://www.wikidata.org/entity/Q35051,Cabbage,116
coccinellidae,http://www.wikidata.org/entity/Q25327,Coccinellidae,116
cross,http://www.wikidata.org/entity/Q40843,cross,116
cryptocurrency,http://www.wikidata.org/entity/Q13479982,cryptocurrency,116
ammonia,http://www.wikidata.org/entity/Q4087,ammonia,116
leech,http://www.wikidata.org/entity/Q43012,Leech,116
factory,http://www.wikidata.org/entity/Q83405,factory,116
adverb,http://www.wikidata.org/entity/Q380057,adverb,116
beaver,http://www.wikidata.org/entity/Q47542,Beaver,116
riddle,http://www.wikidata.org/entity/Q47054,riddle,116
anatidae,http://www.wikidata.org/entity/Q7556,Anatidae,116
jihad,http://www.wikidata.org/entity/Q44311,jihad,116
perfume,http://www.wikidata.org/entity/Q131746,perfume,116
shirt,http://www.wikidata.org/entity/Q76768,shirt,116
taste,http://www.wikidata.org/entity/Q124794,taste,116
artist,http://www.wikidata.org/entity/Q483501,artist,116
musician,http://www.wikidata.org/entity/Q639669,musician,116
myth,http://www.wikidata.org/entity/Q12827256,myth,116
spleen,http://www.wikidata.org/entity/Q9371,spleen,116
existentialism,http://www.wikidata.org/entity/Q38066,existentialism,116
ballet,http://www.wikidata.org/entity/Q41425,ballet,116
kite,http://www.wikidata.org/entity/Q42861,kite,116
germans,http://www.wikidata.org/entity/Q42884,Germans,116
profession,http://www.wikidata.org/entity/Q28640,profession,115
platypus,http://www.wikidata.org/entity/Q15343,Platypus,115
abacus,http://www.wikidata.org/entity/Q12806,abacus,115
shrub,http://www.wikidata.org/entity/Q42295,shrub,115
psychoanalysis,http://www.wikidata.org/entity/Q41630,psychoanalysis,115
moth,http://www.wikidata.org/entity/Q1725788,Moth,115
accounting,http://www.wikidata.org/entity/Q4116214,accounting,115
sexism,http://www.wikidata.org/entity/Q93200,sexism,115
drawing,http://www.wikidata.org/entity/Q93184,drawing,115
quince,http://www.wikidata.org/entity/Q43300,Quince,115
bucket,http://www.wikidata.org/entity/Q47107,bucket,115
invertebrate,http://www.wikidata.org/entity/Q43806,invertebrate,115
breakfast,http://www.wikidata.org/entity/Q80973,breakfast,115
tamarind,http://www.wikidata.org/entity/Q80235,Tamarind,115
distance,http://www.wikidata.org/entity/Q126017,distance,115
ghost,http://www.wikidata.org/entity/Q45529,ghost,115
pillow,http://www.wikidata.org/entity/Q99895,pillow,115
meditation,http://www.wikidata.org/entity/Q108458,meditation,115
reading,http://www.wikidata.org/entity/Q199657,reading,115
depression,http://www.wikidata.org/entity/Q4340209,depression,115
cosmology,http://www.wikidata.org/entity/Q338,cosmology,115
granite,http://www.wikidata.org/entity/Q41177,granite,115
orchestra,http://www.wikidata.org/entity/Q42998,orchestra,115
drama,http://www.wikidata.org/entity/Q25372,drama,115
spaceflight,http://www.wikidata.org/entity/Q5916,spaceflight,115
dodo,http://www.wikidata.org/entity/Q43502,Dodo,114
samurai,http://www.wikidata.org/entity/Q38142,samurai,114
orca,http://www.wikidata.org/entity/Q26843,Orca,114
volt,http://www.wikidata.org/entity/Q25250,volt,114
watt,http://www.wikidata.org/entity/Q25236,watt,114
sphere,http://www.wikidata.org/entity/Q12507,sphere,114
newton,http://www.wikidata.org/entity/Q12438,newton,114
addiction,http://www.wikidata.org/entity/Q12029,addiction,114
nebula,http://www.wikidata.org/entity/Q42372,nebula,114
boy,http://www.wikidata.org/entity/Q3010,boy,114
okra,http://www.wikidata.org/entity/Q80531,Okra,114
speech,http://www.wikidata.org/entity/Q52946,speech,114
spear,http://www.wikidata.org/entity/Q44475,spear,114
adult,http://www.wikidata.org/entity/Q80994,adult,114
censorship,http://www.wikidata.org/entity/Q543,censorship,114
sunrise,http://www.wikidata.org/entity/Q193294,sunrise,114
turks,http://www.wikidata.org/entity/Q84072,Turks,114
mask,http://www.wikidata.org/entity/Q161524,mask,114
heaven,http://www.wikidata.org/entity/Q4489450,heaven,114
domestication,http://www.wikidata.org/entity/Q11395,domestication,114
polygon,http://www.wikidata.org/entity/Q37555,polygon,114
marble,http://www.wikidata.org/entity/Q40861,marble,114
bisexuality,http://www.wikidata.org/entity/Q43200,bisexuality,114
printer,http://www.wikidata.org/entity/Q82,printer,114
federation,http://www.wikidata.org/entity/Q43702,federation,113
brass,http://www.wikidata.org/entity/Q39782,brass,113
census,http://www.wikidata.org/entity/Q39825,census,113
humour,http://www.wikidata.org/entity/Q35874,humour,113
circumcision,http://www.wikidata.org/entity/Q83345,circumcision,113
truck,http://www.wikidata.org/entity/Q43193,truck,113
referendum,http://www.wikidata.org/entity/Q43109,referendum,113
motto,http://www.wikidata.org/entity/Q42470,motto,113
cannabis,http://www.wikidata.org/entity/Q2845,cannabis,113
disaster,http://www.wikidata.org/entity/Q3839081,disaster,113
biodiversity,http://www.wikidata.org/entity/Q47041,biodiversity,113
jackfruit,http://www.wikidata.org/entity/Q45757,Jackfruit,113
symbol,http://www.wikidata.org/entity/Q80071,symbol,113
gender,http://www.wikidata.org/entity/Q48277,gender,113
caterpillar,http://www.wikidata.org/entity/Q81825,caterpillar,113
cube,http://www.wikidata.org/entity/Q812880,cube,113
aircraft,http://www.wikidata.org/entity/Q11436,aircraft,113
morphology,http://www.wikidata.org/entity/Q38311,morphology,113
alchemy,http://www.wikidata.org/entity/Q39689,alchemy,113
elbow,http://www.wikidata.org/entity/Q42586,elbow,113
rope,http://www.wikidata.org/entity/Q31029,rope,113
space,http://www.wikidata.org/entity/Q107,space,113
zodiac,http://www.wikidata.org/entity/Q40540,zodiac,112
spacecraft,http://www.wikidata.org/entity/Q40218,spacecraft,112
sandwich,http://www.wikidata.org/entity/Q28803,sandwich,112
freemasonry,http://www.wikidata.org/entity/Q41726,freemasonry,112
hypothesis,http://www.wikidata.org/entity/Q41719,hypothesis,112
cocaine,http://www.wikidata.org/entity/Q41576,cocaine,112
hunger,http://www.wikidata.org/entity/Q165947,hunger,112
sock,http://www.wikidata.org/entity/Q43663,sock,112
falcon,http://www.wikidata.org/entity/Q43489,Falcon,112
neuron,http://www.wikidata.org/entity/Q43054,neuron,112
laptop,http://www.wikidata.org/entity/Q3962,laptop,112
chickenpox,http://www.wikidata.org/entity/Q44727,chickenpox,112
feather,http://www.wikidata.org/entity/Q81025,feather,112
courage,http://www.wikidata.org/entity/Q208160,courage,112
bottle,http://www.wikidata.org/entity/Q80228,bottle,112
chin,http://www.wikidata.org/entity/Q82714,chin,112
thumb,http://www.wikidata.org/entity/Q83360,thumb,112
faith,http://www.wikidata.org/entity/Q5410500,faith,112
orbit,http://www.wikidata.org/entity/Q4130,orbit,112
legislature,http://www.wikidata.org/entity/Q11204,legislature,112
skyscraper,http://www.wikidata.org/entity/Q11303,skyscraper,112
sovereignty,http://www.wikidata.org/entity/Q42008,sovereignty,112
tropics,http://www.wikidata.org/entity/Q42530,tropics,112
mountaineering,http://www.wikidata.org/entity/Q36908,mountaineering,111
lark,http://www.wikidata.org/entity/Q29858,Lark,111
joule,http://www.wikidata.org/entity/Q25269,joule,111
xhosa,http://www.wikidata.org/entity/Q13218,Xhosa,111
french,http://www.wikidata.org/entity/Q121842,French,111
holiday,http://www.wikidata.org/entity/Q1445650,holiday,111
bell,http://www.wikidata.org/entity/Q101401,bell,111
hummingbird,http://www.wikidata.org/entity/Q43624,Hummingbird,111
saint,http://www.wikidata.org/entity/Q43115,saint,111
clitoris,http://www.wikidata.org/entity/Q873072,clitoris,111
taxi,http://www.wikidata.org/entity/Q82650,taxi,111
jasmine,http://www.wikidata.org/entity/Q82014,Jasmine,111
fork,http://www.wikidata.org/entity/Q81881,fork,111
broccoli,http://www.wikidata.org/entity/Q47722,Broccoli,111
eyebrow,http://www.wikidata.org/entity/Q43748,eyebrow,111
chimpanzees,http://www.wikidata.org/entity/Q80174,chimpanzees,111
chimps,http://www.wikidata.org/entity/Q80174,chimps,111
chimp,http://www.wikidata.org/entity/Q80174,chimp,111
mongoose,http://www.wikidata.org/entity/Q80479,Mongoose,111
esophagus,http://www.wikidata.org/entity/Q173710,esophagus,111
grave,http://www.wikidata.org/entity/Q173387,grave,111
son,http://www.wikidata.org/entity/Q177232,son,111
skirt,http://www.wikidata.org/entity/Q2160801,skirt,111
thermometer,http://www.wikidata.org/entity/Q646,thermometer,111
fable,http://www.wikidata.org/entity/Q693,fable,111
cake,http://www.wikidata.org/entity/Q13276,cake,111
astrophysics,http://www.wikidata.org/entity/Q37547,astrophysics,111
market,http://www.wikidata.org/entity/Q37654,market,111
architect,http://www.wikidata.org/entity/Q42973,architect,111
camera,http://www.wikidata.org/entity/Q15328,camera,111
theocracy,http://www.wikidata.org/entity/Q44405,theocracy,110
macroeconomics,http://www.wikidata.org/entity/Q39680,macroeconomics,110
microeconomics,http://www.wikidata.org/entity/Q39072,microeconomics,110
moss,http://www.wikidata.org/entity/Q25347,Moss,110
aspirin,http://www.wikidata.org/entity/Q18216,aspirin,110
chrysanthemum,http://www.wikidata.org/entity/Q59882,Chrysanthemum,110
fuel,http://www.wikidata.org/entity/Q42501,fuel,110
cathedral,http://www.wikidata.org/entity/Q2977,cathedral,110
hemorrhoid,http://www.wikidata.org/entity/Q41478,hemorrhoid,110
sadness,http://www.wikidata.org/entity/Q169251,sadness,110
mayonnaise,http://www.wikidata.org/entity/Q167893,mayonnaise,110
birth,http://www.wikidata.org/entity/Q14819852,birth,110
carnival,http://www.wikidata.org/entity/Q4618,Carnival,110
plain,http://www.wikidata.org/entity/Q160091,plain,110
shadow,http://www.wikidata.org/entity/Q160020,shadow,110
idea,http://www.wikidata.org/entity/Q131841,idea,110
vampire,http://www.wikidata.org/entity/Q46721,vampire,110
waste,http://www.wikidata.org/entity/Q45701,waste,110
parent,http://www.wikidata.org/entity/Q7566,parent,110
mile,http://www.wikidata.org/entity/Q253276,mile,110
saw,http://www.wikidata.org/entity/Q125356,saw,110
ink,http://www.wikidata.org/entity/Q127418,ink,110
utopia,http://www.wikidata.org/entity/Q131156,utopia,110
paradise,http://www.wikidata.org/entity/Q3363340,paradise,110
radioactivity,http://www.wikidata.org/entity/Q11448,radioactivity,110
evening,http://www.wikidata.org/entity/Q7725,evening,110
power,http://www.wikidata.org/entity/Q25107,power,110
emerald,http://www.wikidata.org/entity/Q43513,emerald,109
entomology,http://www.wikidata.org/entity/Q39286,entomology,109
quadrilateral,http://www.wikidata.org/entity/Q36810,quadrilateral,109
paganism,http://www.wikidata.org/entity/Q29536,paganism,109
railway,http://www.wikidata.org/entity/Q22667,railway,109
evil,http://www.wikidata.org/entity/Q15292,evil,109
bra,http://www.wikidata.org/entity/Q13716,bra,109
saxophone,http://www.wikidata.org/entity/Q9798,saxophone,109
symphony,http://www.wikidata.org/entity/Q9734,symphony,109
data,http://www.wikidata.org/entity/Q42848,data,109
gram,http://www.wikidata.org/entity/Q41803,gram,109
raccoon,http://www.wikidata.org/entity/Q121439,Raccoon,109
sunset,http://www.wikidata.org/entity/Q166564,sunset,109
vulva,http://www.wikidata.org/entity/Q2192288,vulva,109
hero,http://www.wikidata.org/entity/Q162244,hero,109
nest,http://www.wikidata.org/entity/Q4785,nest,109
border,http://www.wikidata.org/entity/Q133346,border,109
cryptography,http://www.wikidata.org/entity/Q8789,cryptography,109
cycling,http://www.wikidata.org/entity/Q53121,cycling,109
stoicism,http://www.wikidata.org/entity/Q48235,stoicism,109
radar,http://www.wikidata.org/entity/Q47528,radar,109
microphone,http://www.wikidata.org/entity/Q46384,microphone,109
dragonfly,http://www.wikidata.org/entity/Q80066,Dragonfly,109
vomiting,http://www.wikidata.org/entity/Q127076,vomiting,109
braille,http://www.wikidata.org/entity/Q79894,Braille,109
point,http://www.wikidata.org/entity/Q44946,point,109
cement,http://www.wikidata.org/entity/Q45190,cement,109
fern,http://www.wikidata.org/entity/Q80005,fern,109
goldfish,http://www.wikidata.org/entity/Q123141,Goldfish,109
satire,http://www.wikidata.org/entity/Q128758,satire,109
smoke,http://www.wikidata.org/entity/Q130768,smoke,109
superstition,http://www.wikidata.org/entity/Q133182,superstition,109
nobility,http://www.wikidata.org/entity/Q134737,nobility,109
conscience,http://www.wikidata.org/entity/Q193526,conscience,109
violet,http://www.wikidata.org/entity/Q428124,violet,109
whale,http://www.wikidata.org/entity/Q1865281,whale,109
diameter,http://www.wikidata.org/entity/Q37221,diameter,109
tundra,http://www.wikidata.org/entity/Q43262,tundra,109
furniture,http://www.wikidata.org/entity/Q14745,furniture,109
precipitation,http://www.wikidata.org/entity/Q25257,precipitation,109
imagination,http://www.wikidata.org/entity/Q34516,imagination,109
voltage,http://www.wikidata.org/entity/Q25428,voltage,108
stoat,http://www.wikidata.org/entity/Q25345,Stoat,108
moustache,http://www.wikidata.org/entity/Q15179,moustache,108
restaurant,http://www.wikidata.org/entity/Q11707,restaurant,108
extinction,http://www.wikidata.org/entity/Q123509,extinction,108
pathology,http://www.wikidata.org/entity/Q7208,pathology,108
hydrocarbon,http://www.wikidata.org/entity/Q43648,hydrocarbon,108
fertilizer,http://www.wikidata.org/entity/Q83323,fertilizer,108
key,http://www.wikidata.org/entity/Q132041,key,108
bourgeoisie,http://www.wikidata.org/entity/Q52090,bourgeoisie,108
yeast,http://www.wikidata.org/entity/Q45422,yeast,108
rib,http://www.wikidata.org/entity/Q196672,rib,108
reincarnation,http://www.wikidata.org/entity/Q128593,reincarnation,108
humanities,http://www.wikidata.org/entity/Q80083,humanities,108
dome,http://www.wikidata.org/entity/Q12493,dome,108
orthography,http://www.wikidata.org/entity/Q43091,orthography,108
tide,http://www.wikidata.org/entity/Q23384,tide,108
comb,http://www.wikidata.org/entity/Q23834,comb,108
quark,http://www.wikidata.org/entity/Q6718,quark,108
mining,http://www.wikidata.org/entity/Q44497,mining,107
gymnastics,http://www.wikidata.org/entity/Q43450,gymnastics,107
mitochondrion,http://www.wikidata.org/entity/Q39572,mitochondrion,107
ozone,http://www.wikidata.org/entity/Q36933,ozone,107
blattodea,http://www.wikidata.org/entity/Q25309,Blattodea,107
nahuatl,http://www.wikidata.org/entity/Q13300,Nahuatl,107
salad,http://www.wikidata.org/entity/Q9266,salad,107
wax,http://www.wikidata.org/entity/Q124695,wax,107
rhombus,http://www.wikidata.org/entity/Q41159,rhombus,107
contract,http://www.wikidata.org/entity/Q93288,contract,107
construction,http://www.wikidata.org/entity/Q3875186,construction,107
espionage,http://www.wikidata.org/entity/Q165950,espionage,107
anemia,http://www.wikidata.org/entity/Q5445,anemia,107
orgasm,http://www.wikidata.org/entity/Q5887,orgasm,107
wealth,http://www.wikidata.org/entity/Q200535,wealth,107
meningitis,http://www.wikidata.org/entity/Q48143,meningitis,107
monastery,http://www.wikidata.org/entity/Q44613,monastery,107
historian,http://www.wikidata.org/entity/Q201788,historian,107
governor,http://www.wikidata.org/entity/Q132050,governor,107
vaccination,http://www.wikidata.org/entity/Q192995,vaccination,107
exoplanet,http://www.wikidata.org/entity/Q44559,exoplanet,107
aardvark,http://www.wikidata.org/entity/Q46212,Aardvark,107
accordion,http://www.wikidata.org/entity/Q79838,accordion,107
rhetoric,http://www.wikidata.org/entity/Q81009,rhetoric,107
citrus,http://www.wikidata.org/entity/Q81513,Citrus,107
rifle,http://www.wikidata.org/entity/Q124072,rifle,107
hoe,http://www.wikidata.org/entity/Q131154,hoe,107
sausage,http://www.wikidata.org/entity/Q131419,sausage,107
back,http://www.wikidata.org/entity/Q133279,back,107
experience,http://www.wikidata.org/entity/Q164359,experience,107
radius,http://www.wikidata.org/entity/Q173817,radius,107
philosopher,http://www.wikidata.org/entity/Q4964182,philosopher,107
fencing,http://www.wikidata.org/entity/Q12100,fencing,107
clarinet,http://www.wikidata.org/entity/Q8343,clarinet,107
lava,http://www.wikidata.org/entity/Q40157,lava,107
mule,http://www.wikidata.org/entity/Q41692,mule,107
animism,http://www.wikidata.org/entity/Q43004,animism,107
sultan,http://www.wikidata.org/entity/Q43292,sultan,107
decade,http://www.wikidata.org/entity/Q39911,decade,106
pinniped,http://www.wikidata.org/entity/Q30263,Pinniped,106
wolverine,http://www.wikidata.org/entity/Q14334,Wolverine,106
mole,http://www.wikidata.org/entity/Q41509,mole,106
noon,http://www.wikidata.org/entity/Q168182,noon,106
supernova,http://www.wikidata.org/entity/Q3937,supernova,106
elevator,http://www.wikidata.org/entity/Q132911,elevator,106
image,http://www.wikidata.org/entity/Q478798,image,106
centimetre,http://www.wikidata.org/entity/Q174728,centimetre,106
plateau,http://www.wikidata.org/entity/Q75520,plateau,106
iceberg,http://www.wikidata.org/entity/Q47568,iceberg,106
poker,http://www.wikidata.org/entity/Q80131,poker,106
nihilism,http://www.wikidata.org/entity/Q80968,nihilism,106
engineer,http://www.wikidata.org/entity/Q81096,engineer,106
anxiety,http://www.wikidata.org/entity/Q154430,anxiety,106
wound,http://www.wikidata.org/entity/Q184753,wound,106
liquorice,http://www.wikidata.org/entity/Q257106,Liquorice,106
modernism,http://www.wikidata.org/entity/Q878985,modernism,106
town,http://www.wikidata.org/entity/Q3957,town,106
flamenco,http://www.wikidata.org/entity/Q9764,flamenco,106
windmill,http://www.wikidata.org/entity/Q38720,windmill,106
cone,http://www.wikidata.org/entity/Q42344,cone,106
cubism,http://www.wikidata.org/entity/Q42934,cubism,106
throat,http://www.wikidata.org/entity/Q16364,throat,106
pasta,http://www.wikidata.org/entity/Q178,pasta,106
coyote,http://www.wikidata.org/entity/Q44299,Coyote,105
jellyfish,http://www.wikidata.org/entity/Q30178,jellyfish,105
marsupial,http://www.wikidata.org/entity/Q25336,Marsupial,105
percent,http://www.wikidata.org/entity/Q11229,percent,105
intestine,http://www.wikidata.org/entity/Q9639,intestine,105
honeybee,http://www.wikidata.org/entity/Q102857,honeybee,105
miracle,http://www.wikidata.org/entity/Q170774,miracle,105
jewelry,http://www.wikidata.org/entity/Q161439,jewelry,105
gastropoda,http://www.wikidata.org/entity/Q4867740,Gastropoda,105
cholesterol,http://www.wikidata.org/entity/Q43656,cholesterol,105
investment,http://www.wikidata.org/entity/Q4290,investment,105
autobiography,http://www.wikidata.org/entity/Q4184,autobiography,105
gemstone,http://www.wikidata.org/entity/Q83437,gemstone,105
domain,http://www.wikidata.org/entity/Q146481,domain,105
typewriter,http://www.wikidata.org/entity/Q46335,typewriter,105
opium,http://www.wikidata.org/entity/Q46452,opium,105
swastika,http://www.wikidata.org/entity/Q45513,swastika,105
destiny,http://www.wikidata.org/entity/Q216774,destiny,105
firework,http://www.wikidata.org/entity/Q127933,firework,105
cannon,http://www.wikidata.org/entity/Q81103,cannon,105
professor,http://www.wikidata.org/entity/Q121594,professor,105
capybara,http://www.wikidata.org/entity/Q131538,Capybara,105
eclipse,http://www.wikidata.org/entity/Q141022,eclipse,105
twin,http://www.wikidata.org/entity/Q159979,twin,105
hygiene,http://www.wikidata.org/entity/Q162297,hygiene,105
cookbook,http://www.wikidata.org/entity/Q605076,cookbook,105
philology,http://www.wikidata.org/entity/Q40634,philology,105
momentum,http://www.wikidata.org/entity/Q41273,momentum,105
atoll,http://www.wikidata.org/entity/Q42523,atoll,105
insurance,http://www.wikidata.org/entity/Q43183,insurance,105
idealism,http://www.wikidata.org/entity/Q33442,idealism,105
cylinder,http://www.wikidata.org/entity/Q34132,cylinder,105
matrix,http://www.wikidata.org/entity/Q44337,matrix,104
ontology,http://www.wikidata.org/entity/Q44325,ontology,104
nucleus,http://www.wikidata.org/entity/Q40260,nucleus,104
starfish,http://www.wikidata.org/entity/Q25349,Starfish,104
artery,http://www.wikidata.org/entity/Q9655,artery,104
cello,http://www.wikidata.org/entity/Q8371,cello,104
management,http://www.wikidata.org/entity/Q2920921,management,104
infection,http://www.wikidata.org/entity/Q166231,infection,104
wasps,http://www.wikidata.org/entity/Q9458574,wasps,104
taxonomy,http://www.wikidata.org/entity/Q8269924,taxonomy,104
rapping,http://www.wikidata.org/entity/Q6010,rapping,104
navy,http://www.wikidata.org/entity/Q4508,navy,104
quartz,http://www.wikidata.org/entity/Q43010,quartz,104
llama,http://www.wikidata.org/entity/Q42569,Llama,104
dementia,http://www.wikidata.org/entity/Q83030,dementia,104
digit,http://www.wikidata.org/entity/Q82990,digit,104
silkmoth,http://www.wikidata.org/entity/Q134747,silkmoth,104
silkworm,http://www.wikidata.org/entity/Q134747,silkworm,104
adolescence,http://www.wikidata.org/entity/Q131774,adolescence,104
punishment,http://www.wikidata.org/entity/Q186361,punishment,104
community,http://www.wikidata.org/entity/Q177634,community,104
room,http://www.wikidata.org/entity/Q180516,room,104
fat,http://www.wikidata.org/entity/Q127980,fat,104
parallelogram,http://www.wikidata.org/entity/Q45867,parallelogram,104
climatology,http://www.wikidata.org/entity/Q52139,climatology,104
general,http://www.wikidata.org/entity/Q83460,general,104
running,http://www.wikidata.org/entity/Q105674,running,104
imam,http://www.wikidata.org/entity/Q125482,imam,104
skiing,http://www.wikidata.org/entity/Q130949,skiing,104
farm,http://www.wikidata.org/entity/Q131596,farm,104
karma,http://www.wikidata.org/entity/Q132196,karma,104
secularism,http://www.wikidata.org/entity/Q216920,secularism,104
symmetry,http://www.wikidata.org/entity/Q12485,symmetry,104
magma,http://www.wikidata.org/entity/Q42278,magma,104
ruby,http://www.wikidata.org/entity/Q43088,ruby,104
leukemia,http://www.wikidata.org/entity/Q29496,leukemia,103
goldfinch,http://www.wikidata.org/entity/Q25418,goldfinch,103
coot,http://www.wikidata.org/entity/Q25376,Coot,103
lychee,http://www.wikidata.org/entity/Q13182,Lychee,103
earthworm,http://www.wikidata.org/entity/Q124378,Earthworm,103
conflagration,http://www.wikidata.org/entity/Q168983,conflagration,103
property,http://www.wikidata.org/entity/Q1400881,property,103
baboon,http://www.wikidata.org/entity/Q159429,Baboon,103
tsar,http://www.wikidata.org/entity/Q44356,tsar,103
lichen,http://www.wikidata.org/entity/Q43142,lichen,103
surfing,http://www.wikidata.org/entity/Q159992,surfing,103
festival,http://www.wikidata.org/entity/Q132241,festival,103
hiragana,http://www.wikidata.org/entity/Q48332,hiragana,103
genealogy,http://www.wikidata.org/entity/Q47307,genealogy,103
trapezoid,http://www.wikidata.org/entity/Q46303,trapezoid,103
oasis,http://www.wikidata.org/entity/Q43742,oasis,103
present,http://www.wikidata.org/entity/Q193168,present,103
pharmacology,http://www.wikidata.org/entity/Q128406,pharmacology,103
deity,http://www.wikidata.org/entity/Q178885,deity,103
bomb,http://www.wikidata.org/entity/Q127197,bomb,103
street,http://www.wikidata.org/entity/Q79007,street,103
kanji,http://www.wikidata.org/entity/Q82772,kanji,103
livestock,http://www.wikidata.org/entity/Q103459,livestock,103
archery,http://www.wikidata.org/entity/Q108429,archery,103
tribe,http://www.wikidata.org/entity/Q133311,tribe,103
mud,http://www.wikidata.org/entity/Q170449,mud,103
wavelength,http://www.wikidata.org/entity/Q41364,wavelength,103
shamanism,http://www.wikidata.org/entity/Q42042,shamanism,103
amber,http://www.wikidata.org/entity/Q25381,amber,103
dvd,http://www.wikidata.org/entity/Q5294,DVD,103
muridae,http://www.wikidata.org/entity/Q25916,Muridae,102
metaphor,http://www.wikidata.org/entity/Q18534,metaphor,102
raisin,http://www.wikidata.org/entity/Q13186,raisin,102
stairs,http://www.wikidata.org/entity/Q12511,stairs,102
montenegrin,http://www.wikidata.org/entity/Q8821,Montenegrin,102
weed,http://www.wikidata.org/entity/Q101879,weed,102
louse,http://www.wikidata.org/entity/Q6481228,Louse,102
wildcats,http://www.wikidata.org/entity/Q43576,wildcats,102
oceanography,http://www.wikidata.org/entity/Q43518,oceanography,102
pertussis,http://www.wikidata.org/entity/Q134859,pertussis,102
saliva,http://www.wikidata.org/entity/Q155925,saliva,102
mermaid,http://www.wikidata.org/entity/Q182559,mermaid,102
cyclone,http://www.wikidata.org/entity/Q79602,cyclone,102
bureaucracy,http://www.wikidata.org/entity/Q72468,bureaucracy,102
euthanasia,http://www.wikidata.org/entity/Q100159,euthanasia,102
infrastructure,http://www.wikidata.org/entity/Q121359,infrastructure,102
joke,http://www.wikidata.org/entity/Q131138,joke,102
torture,http://www.wikidata.org/entity/Q132781,torture,102
hearing,http://www.wikidata.org/entity/Q160289,hearing,102
kinship,http://www.wikidata.org/entity/Q171318,kinship,102
lens,http://www.wikidata.org/entity/Q768575,lens,102
martyr,http://www.wikidata.org/entity/Q6498826,martyr,102
ellipse,http://www.wikidata.org/entity/Q40112,ellipse,102
hydrology,http://www.wikidata.org/entity/Q42250,hydrology,102
monsoon,http://www.wikidata.org/entity/Q42967,monsoon,102
embryo,http://www.wikidata.org/entity/Q33196,embryo,102
monopoly,http://www.wikidata.org/entity/Q43637,monopoly,101
derivative,http://www.wikidata.org/entity/Q29175,derivative,101
corvidae,http://www.wikidata.org/entity/Q25565,Corvidae,101
nightingale,http://www.wikidata.org/entity/Q25393,nightingale,101
nonmetal,http://www.wikidata.org/entity/Q19600,nonmetal,101
pedophilia,http://www.wikidata.org/entity/Q8388,pedophilia,101
aristocracy,http://www.wikidata.org/entity/Q123432,aristocracy,101
purple,http://www.wikidata.org/entity/Q3257809,purple,101
inductor,http://www.wikidata.org/entity/Q5325,inductor,101
motherboard,http://www.wikidata.org/entity/Q4321,motherboard,101
rosary,http://www.wikidata.org/entity/Q132539,rosary,101
aquarium,http://www.wikidata.org/entity/Q45782,aquarium,101
ceramic,http://www.wikidata.org/entity/Q45621,ceramic,101
cuneiform,http://www.wikidata.org/entity/Q401,cuneiform,101
refugee,http://www.wikidata.org/entity/Q131572,refugee,101
breastfeeding,http://www.wikidata.org/entity/Q174876,breastfeeding,101
compiler,http://www.wikidata.org/entity/Q47506,compiler,101
postmodernism,http://www.wikidata.org/entity/Q47783,Postmodernism,101
system,http://www.wikidata.org/entity/Q58778,system,101
artillery,http://www.wikidata.org/entity/Q64418,artillery,101
coast,http://www.wikidata.org/entity/Q93352,coast,101
experiment,http://www.wikidata.org/entity/Q101965,experiment,101
knight,http://www.wikidata.org/entity/Q102083,knight,101
tilia,http://www.wikidata.org/entity/Q127849,Tilia,101
carpet,http://www.wikidata.org/entity/Q163446,carpet,101
hymn,http://www.wikidata.org/entity/Q484692,hymn,101
thunderstorm,http://www.wikidata.org/entity/Q2857578,thunderstorm,101
equinox,http://www.wikidata.org/entity/Q1315,equinox,101
gland,http://www.wikidata.org/entity/Q9647,gland,101
cardiology,http://www.wikidata.org/entity/Q10379,cardiology,101
lever,http://www.wikidata.org/entity/Q40164,lever,101
sumo,http://www.wikidata.org/entity/Q40561,sumo,101
biosphere,http://www.wikidata.org/entity/Q42762,biosphere,101
exponentiation,http://www.wikidata.org/entity/Q33456,exponentiation,101
ethnology,http://www.wikidata.org/entity/Q43455,ethnology,100
synonym,http://www.wikidata.org/entity/Q42106,synonym,100
grapefruit,http://www.wikidata.org/entity/Q41350,Grapefruit,100
gonorrhea,http://www.wikidata.org/entity/Q101896,gonorrhea,100
ash,http://www.wikidata.org/entity/Q152079,ash,100
author,http://www.wikidata.org/entity/Q482980,author,100
paradox,http://www.wikidata.org/entity/Q483372,paradox,100
bit,http://www.wikidata.org/entity/Q8805,bit,100
gallbladder,http://www.wikidata.org/entity/Q64386,gallbladder,100
harp,http://www.wikidata.org/entity/Q47369,harp,100
lagoon,http://www.wikidata.org/entity/Q187223,lagoon,100
meteorite,http://www.wikidata.org/entity/Q60186,meteorite,100
theorem,http://www.wikidata.org/entity/Q65943,theorem,100
sonnet,http://www.wikidata.org/entity/Q80056,sonnet,100
dynamite,http://www.wikidata.org/entity/Q80728,dynamite,100
case,http://www.wikidata.org/entity/Q128234,case,100
spacetime,http://www.wikidata.org/entity/Q133327,spacetime,100
twilight,http://www.wikidata.org/entity/Q164160,twilight,100
spirituality,http://www.wikidata.org/entity/Q168796,spirituality,100
envy,http://www.wikidata.org/entity/Q188739,envy,100
funeral,http://www.wikidata.org/entity/Q201676,funeral,100
placenta,http://www.wikidata.org/entity/Q1212935,placenta,100
debt,http://www.wikidata.org/entity/Q3196867,debt,100
ovary,http://www.wikidata.org/entity/Q9631,ovary,100
cream,http://www.wikidata.org/entity/Q13228,cream,100
radiation,http://www.wikidata.org/entity/Q18335,radiation,100
meteoroid,http://www.wikidata.org/entity/Q7012,meteoroid,100
unicorn,http://www.wikidata.org/entity/Q7246,unicorn,100
